Date,Time,Latitude,Longitude,Altitude,Speed,Heading,Signal Quality,Number of Satalites Connected,X-Axis Acceleration,Y-Axis Acceleration,Z-Axis Acceleration
12/4/2022,7:20:20,-33.89134,18.95951,235.9,1.09,37.18,2,9,0.194,-0.022,1.008
12/4/2022,7:20:22,-33.89134,18.95952,235.9,1.09,36.87,2,9,0.154,-0.032,1.01
12/4/2022,7:20:24,-33.89134,18.95952,235.9,0.41,36.87,2,9,0.134,0.064,1.004
12/4/2022,7:20:25,-33.89134,18.95952,235.9,0.33,36.87,2,9,0.068,0.096,1.024
12/4/2022,7:20:27,-33.89134,18.95952,235.9,0.31,36.87,2,9,0.072,0.114,1.02
12/4/2022,7:20:28,-33.89134,18.95952,235.9,0.28,36.87,2,9,0.06,0.104,1
12/4/2022,7:20:30,-33.89134,18.95952,235.9,0.22,36.87,2,9,0.098,0.09,1.01
12/4/2022,7:20:31,-33.89134,18.95952,235.9,0.3,36.87,2,9,0.112,0.136,1
12/4/2022,7:20:32,-33.89134,18.95952,235.9,0.28,36.87,2,9,0.096,0.128,0.98
12/4/2022,7:20:34,-33.89134,18.95952,235.9,1.28,203.69,2,9,0.192,0.16,0.986
12/4/2022,7:20:36,-33.89136,18.9595,235.9,2.41,218.25,2,9,0.052,0.188,1.054
12/4/2022,7:20:38,-33.89137,18.95948,235.9,2.5,221.83,2,9,0.114,0.192,1.016
12/4/2022,7:20:39,-33.89138,18.95948,235.9,2.56,223.7,2,9,0.12,0.192,1.016
12/4/2022,7:20:40,-33.89139,18.95947,235.9,2.65,223.19,2,9,0.156,0.184,0.96
12/4/2022,7:20:42,-33.89141,18.95945,236.1,3.33,225.43,2,9,0.268,0.164,1.002
12/4/2022,7:20:43,-33.89141,18.95944,236.2,4.13,231.21,2,9,0.22,0.144,0.924
12/4/2022,7:20:45,-33.89146,18.95938,236.9,12.93,222.69,2,9,0.128,0.272,0.974
12/4/2022,7:20:47,-33.89155,18.95932,237.8,17.61,208.3,2,9,0.124,0.246,0.94
12/4/2022,7:20:49,-33.89165,18.95927,238.5,22.71,200.75,2,9,0.19,0.222,0.936
12/4/2022,7:20:51,-33.89179,18.95922,239,28.24,196.89,2,9,0.058,0.234,1.002
12/4/2022,7:20:53,-33.89194,18.95918,239,30.52,193.38,2,9,0.04,0.256,1.018
12/4/2022,7:20:54,-33.89202,18.95916,239.3,30.65,191.81,2,9,0.02,0.252,1.024
12/4/2022,7:20:55,-33.8921,18.95914,239.6,29.98,192.47,2,9,0.016,0.256,0.952
12/4/2022,7:20:57,-33.89224,18.95911,240,27.06,189.73,2,9,0.106,0.232,1.014
12/4/2022,7:20:59,-33.89239,18.95907,240,29.34,192.88,2,9,0.066,0.272,0.984
12/4/2022,7:21:00,-33.89247,18.95905,240,29.97,193,2,9,0.228,0.216,1.088
12/4/2022,7:21:01,-33.89254,18.95903,239.6,31.67,192.69,2,9,0.156,0.26,0.9
12/4/2022,7:21:02,-33.89263,18.95901,238.9,34.98,193.74,2,9,-0.016,0.276,1.06
12/4/2022,7:21:03,-33.89273,18.95899,238,36.76,193.14,2,9,0,0.28,0.972
12/4/2022,7:21:05,-33.89292,18.95894,236.8,38.35,191.89,2,9,0.048,0.278,0.988
12/4/2022,7:21:06,-33.89301,18.95892,236.2,39.3,191.84,2,9,0.044,0.264,0.984
12/4/2022,7:21:08,-33.89321,18.95887,235.4,41.11,192.39,2,9,0.034,0.272,0.988
12/4/2022,7:21:10,-33.89341,18.95882,235.5,38.71,191.79,2,9,0.122,0.256,0.994
12/4/2022,7:21:11,-33.89351,18.9588,236.2,38.23,192.04,2,9,0.18,0.148,0.896
12/4/2022,7:21:12,-33.8936,18.95877,237.2,37.89,192.26,2,9,0.176,0.244,0.936
12/4/2022,7:21:14,-33.89379,18.95872,239.8,37.35,192.48,2,9,0.114,0.228,1.102
12/4/2022,7:21:16,-33.89397,18.95867,242.2,36.93,192.1,2,9,0.124,0.304,1.052
12/4/2022,7:21:18,-33.89416,18.95863,244.7,37.15,191.59,2,9,0.064,0.256,1.014
12/4/2022,7:21:19,-33.89426,18.95861,245.7,35.65,191.55,2,9,0.084,0.26,1.02
12/4/2022,7:21:21,-33.89442,18.95857,246.8,33.11,191.95,2,9,0.056,0.256,0.944
12/4/2022,7:21:22,-33.8945,18.95855,247.1,31.71,191.28,2,9,0.036,0.26,0.816
12/4/2022,7:21:23,-33.89457,18.95853,247.3,29.3,190.63,2,9,0.16,0.276,0.988
12/4/2022,7:21:24,-33.89464,18.95852,247.5,29.3,190.89,2,9,0.084,0.26,0.96
12/4/2022,7:21:25,-33.89471,18.9585,247.8,28.89,191.54,2,9,0.14,0.268,0.96
12/4/2022,7:21:26,-33.89478,18.95849,247.6,29.26,192.03,2,9,0.12,0.284,0.952
12/4/2022,7:21:27,-33.89485,18.95847,247.6,29.82,192.89,2,9,0.136,0.28,0.932
12/4/2022,7:21:29,-33.895,18.95843,247.6,30.5,194.54,2,9,0.078,0.27,0.98
12/4/2022,7:21:31,-33.89514,18.95838,247.7,29.35,196.35,2,9,0.064,0.284,0.998
12/4/2022,7:21:33,-33.89527,18.95833,248.1,29.09,200,2,9,0.068,0.276,0.952
12/4/2022,7:21:35,-33.89541,18.95826,248,30.11,201.68,2,8,0.122,0.284,0.976
12/4/2022,7:21:36,-33.89548,18.95823,248.1,31.93,203.4,2,9,0.052,0.264,0.94
12/4/2022,7:21:37,-33.89556,18.95818,248.8,32.56,206.58,2,9,0.044,0.264,1.012
12/4/2022,7:21:39,-33.8957,18.95808,251.2,32.69,210.19,2,9,0.064,0.28,1.022
12/4/2022,7:21:40,-33.89577,18.95803,252.2,32.69,212.14,2,9,0.14,0.22,0.676
12/4/2022,7:21:42,-33.89591,18.95792,252.4,33.45,213.26,2,9,0.132,0.278,1.05
12/4/2022,7:21:43,-33.89599,18.95786,252.3,34.35,213.02,2,9,0.048,0.216,0.856
12/4/2022,7:21:45,-33.89614,18.95774,252.3,35.54,212.54,2,9,0.056,0.25,1
12/4/2022,7:21:46,-33.89622,18.95768,252.7,35.43,212.83,2,9,0.1,0.256,1.02
12/4/2022,7:21:47,-33.89629,18.95762,253.1,34.93,212.15,2,9,0.072,0.296,1.056
12/4/2022,7:21:48,-33.89636,18.95756,253.6,34.24,211.96,2,9,0.104,0.268,0.948
12/4/2022,7:21:49,-33.89643,18.95751,253.8,33.67,211.28,2,9,0.024,0.208,1.052
12/4/2022,7:21:51,-33.89657,18.95742,254.1,30.43,204.73,2,9,0.018,0.238,0.864
12/4/2022,7:21:52,-33.89664,18.95739,254.2,28.45,202.29,2,9,0.156,0.224,1.016
12/4/2022,7:21:54,-33.89678,18.95733,254.7,28.45,199,2,9,0.09,0.258,0.964
12/4/2022,7:21:55,-33.89685,18.9573,254.9,27.13,196.69,2,9,0.004,0.272,0.964
12/4/2022,7:21:57,-33.89696,18.95727,254.9,21.72,190.96,2,9,0.02,0.284,0.976
12/4/2022,7:21:59,-33.89705,18.95725,255.2,17,187.97,2,9,0.042,0.258,0.976
12/4/2022,7:22:00,-33.89708,18.95725,255.3,14,189.61,2,9,0.132,0.256,0.96
12/4/2022,7:22:01,-33.89711,18.95724,255.5,12.15,190.92,2,9,0.192,0.256,1.02
12/4/2022,7:22:03,-33.89717,18.95722,255.8,14.06,193.37,2,9,0.18,0.252,0.976
12/4/2022,7:22:04,-33.89721,18.95722,256,15,192.69,2,9,0.172,0.236,0.936
12/4/2022,7:22:05,-33.89724,18.95721,256.1,16.11,191.26,2,9,0.148,0.208,0.952
12/4/2022,7:22:07,-33.89733,18.95719,256.1,18.63,191.8,2,9,0.172,0.254,0.962
12/4/2022,7:22:09,-33.89744,18.95716,256.1,22.39,192.49,2,9,0.192,0.248,0.978
12/4/2022,7:22:10,-33.8975,18.95715,256,24.54,192.7,2,9,0.052,0.256,0.928
12/4/2022,7:22:11,-33.89757,18.95714,255.9,25.3,191.49,2,9,0,0.256,0.912
12/4/2022,7:22:13,-33.89768,18.95711,255.7,22.48,189.49,2,9,0.034,0.256,0.98
12/4/2022,7:22:15,-33.89778,18.95709,255.5,19.43,189.74,2,9,0.106,0.256,0.954
12/4/2022,7:22:16,-33.89783,18.95709,255.9,20.3,190.48,2,9,0.108,0.26,0.984
12/4/2022,7:22:17,-33.89789,18.95708,256.3,21.32,189.45,2,9,0.144,0.248,0.964
12/4/2022,7:22:19,-33.898,18.95706,257,22.3,190.7,2,9,0.08,0.266,0.962
12/4/2022,7:22:21,-33.89812,18.95703,258.2,24.67,191.1,2,9,0.096,0.246,0.982
12/4/2022,7:22:23,-33.89824,18.95701,259.7,25.21,190.53,2,9,0.12,0.25,0.986
12/4/2022,7:22:25,-33.89838,18.95698,261.2,27.63,191.39,2,9,0.026,0.296,0.972
12/4/2022,7:22:27,-33.89851,18.95695,261.6,25.56,188.38,2,9,0.066,0.334,0.958
12/4/2022,7:22:28,-33.89858,18.95694,261.9,24.63,184.47,2,9,0.072,0.352,0.92
12/4/2022,7:22:29,-33.89863,18.95694,262,23.41,181.86,2,9,-0.024,0.272,0.98
12/4/2022,7:22:30,-33.89869,18.95694,262,20.71,181.62,2,9,-0.096,0.316,1.008
12/4/2022,7:22:31,-33.89873,18.95693,262,15.54,186.47,2,9,0.036,0.304,0.936
12/4/2022,7:22:33,-33.89878,18.95692,262,6.74,187.37,2,9,-0.042,0.334,0.96
12/4/2022,7:22:34,-33.89879,18.95692,262,0.31,187.37,2,9,0.044,0.32,0.984
12/4/2022,7:22:36,-33.89879,18.95692,262,0.09,187.37,2,9,0.07,0.322,0.972
12/4/2022,7:22:37,-33.89879,18.95692,262,0.06,187.37,2,9,0.068,0.312,0.96
12/4/2022,7:22:38,-33.89879,18.95692,262,0.02,187.37,2,9,0.056,0.316,0.988
12/4/2022,7:22:40,-33.89879,18.95692,262,0.02,187.37,2,9,0.062,0.318,0.972
12/4/2022,7:22:42,-33.8988,18.95692,262,0.04,187.37,2,9,0.064,0.32,0.96
12/4/2022,7:22:43,-33.8988,18.95692,262,0.02,187.37,2,9,0.072,0.316,0.964
12/4/2022,7:22:44,-33.8988,18.95692,262,0.02,187.37,2,9,0.068,0.312,0.976
12/4/2022,7:22:46,-33.8988,18.95692,262,0.02,187.37,2,9,0.068,0.314,0.952
12/4/2022,7:22:48,-33.8988,18.95692,262,0.02,187.37,2,9,0.066,0.312,0.968
12/4/2022,7:22:49,-33.8988,18.95692,262,0,187.37,2,9,0.056,0.308,0.984
12/4/2022,7:22:51,-33.8988,18.95692,262,0.02,187.37,2,9,0.062,0.316,0.968
12/4/2022,7:22:52,-33.8988,18.95692,262,0.02,187.37,2,9,0.06,0.3,0.948
12/4/2022,7:22:53,-33.8988,18.95692,262,0.02,187.37,2,9,0.068,0.316,0.972
12/4/2022,7:22:55,-33.8988,18.95692,262,0.02,187.37,2,9,0.068,0.31,0.962
12/4/2022,7:22:57,-33.8988,18.95692,262,0.02,187.37,2,9,0.066,0.312,0.966
12/4/2022,7:22:58,-33.8988,18.95692,262,0.02,187.37,2,9,0.06,0.308,0.968
12/4/2022,7:22:59,-33.8988,18.95692,262,0.24,187.37,2,9,0.06,0.308,0.964
12/4/2022,7:23:00,-33.8988,18.95692,262,0.13,187.37,2,9,0.064,0.312,0.98
12/4/2022,7:23:01,-33.8988,18.95692,262,0.26,187.37,2,9,0.064,0.32,0.968
12/4/2022,7:23:03,-33.8988,18.95692,262,0.04,187.37,2,9,0.066,0.308,0.964
12/4/2022,7:23:05,-33.89879,18.95692,262,0.19,187.37,2,9,0.07,0.31,0.962
12/4/2022,7:23:07,-33.89879,18.95692,262,0.26,187.37,2,9,0.058,0.314,0.97
12/4/2022,7:23:09,-33.89879,18.95692,262,0.43,187.37,2,9,0.06,0.314,0.972
12/4/2022,7:23:10,-33.89879,18.95692,262,0.41,187.37,2,9,0.06,0.316,0.96
12/4/2022,7:23:11,-33.89879,18.95692,262,0.5,187.37,2,9,0.064,0.32,0.964
12/4/2022,7:23:12,-33.89879,18.95692,262,0.52,187.37,2,9,0.064,0.308,0.952
12/4/2022,7:23:13,-33.89879,18.95692,262,0.63,187.37,2,9,0.064,0.316,0.992
12/4/2022,7:23:15,-33.89879,18.95691,262,0.56,187.37,2,9,0.072,0.316,0.968
12/4/2022,7:23:16,-33.89879,18.95691,262,0.5,187.37,2,9,0.076,0.312,0.956
12/4/2022,7:23:18,-33.89878,18.95691,262,0.57,187.37,2,9,0.064,0.308,0.95
12/4/2022,7:23:20,-33.89878,18.95691,262,0.48,187.37,2,9,0.068,0.308,0.962
12/4/2022,7:23:21,-33.89878,18.95691,262,0.48,187.37,2,9,0.052,0.296,0.928
12/4/2022,7:23:22,-33.89878,18.95691,262,0.41,187.37,2,9,0.064,0.316,0.988
12/4/2022,7:23:24,-33.89878,18.95691,262,0.37,187.37,2,9,0.066,0.318,0.97
12/4/2022,7:23:25,-33.89878,18.95691,262,0.33,187.37,2,9,0.068,0.308,0.952
12/4/2022,7:23:26,-33.89878,18.95691,262,0.46,187.37,2,9,0.064,0.32,0.984
12/4/2022,7:23:28,-33.89878,18.95691,262,0.28,187.37,2,9,0.076,0.312,0.96
12/4/2022,7:23:30,-33.89877,18.95691,261.9,0.24,187.37,2,9,0.056,0.314,0.97
12/4/2022,7:23:31,-33.89877,18.95691,261.9,0.2,187.37,2,9,0.06,0.312,0.972
12/4/2022,7:23:33,-33.89877,18.95691,261.9,0.15,187.37,2,9,0.06,0.314,0.972
12/4/2022,7:23:34,-33.89877,18.95691,261.9,0.17,187.37,2,9,0.052,0.304,0.964
12/4/2022,7:23:36,-33.89877,18.95691,261.9,0.31,187.37,2,9,0.064,0.316,0.97
12/4/2022,7:23:37,-33.89877,18.95691,261.9,0.35,187.37,2,9,0.056,0.316,0.984
12/4/2022,7:23:39,-33.89878,18.95691,262,0.59,187.37,2,9,0.062,0.322,0.976
12/4/2022,7:23:41,-33.89878,18.95691,262,0.39,187.37,2,9,0.072,0.318,0.976
12/4/2022,7:23:43,-33.89878,18.95691,262,0.2,187.37,2,9,0.066,0.31,0.958
12/4/2022,7:23:45,-33.89878,18.95691,262,0.19,187.37,2,9,0.068,0.31,0.97
12/4/2022,7:23:46,-33.89878,18.95691,262,0.26,187.37,2,9,0.06,0.308,0.956
12/4/2022,7:23:47,-33.89878,18.95691,262,0.33,187.37,2,9,0.06,0.304,0.96
12/4/2022,7:23:48,-33.89878,18.95691,262,0.37,187.37,2,9,0.056,0.304,0.98
12/4/2022,7:23:49,-33.89878,18.95691,262,0.28,187.37,2,9,0.06,0.312,0.964
12/4/2022,7:23:51,-33.89878,18.95692,262,0.13,187.37,2,9,0.066,0.312,0.956
12/4/2022,7:23:52,-33.89878,18.95691,262,0.11,187.37,2,9,0.056,0.312,0.968
12/4/2022,7:23:53,-33.89878,18.95691,262,0.17,187.37,2,9,0.088,0.3,0.964
12/4/2022,7:23:54,-33.89878,18.95691,262,0.06,187.37,2,9,0.116,0.312,0.976
12/4/2022,7:23:55,-33.89878,18.95691,262,0.43,187.37,2,9,0.132,0.308,0.932
12/4/2022,7:23:56,-33.89878,18.95691,262,1.43,187.37,2,9,0.212,0.312,0.972
12/4/2022,7:23:57,-33.89879,18.95691,262,3.37,187.37,2,9,0.164,0.308,0.952
12/4/2022,7:23:58,-33.89879,18.95691,262,6.17,204.04,2,9,0.244,0.272,0.932
12/4/2022,7:24:00,-33.89888,18.95688,262,18.87,193.92,2,9,0.13,0.292,0.96
12/4/2022,7:24:02,-33.89899,18.95685,262.2,25.65,195.71,2,9,0.196,0.298,0.978
12/4/2022,7:24:03,-33.89907,18.95684,262.5,29.54,195.58,2,9,0.2,0.288,0.992
12/4/2022,7:24:04,-33.89915,18.95681,262.9,34.61,197.09,2,9,0.044,0.28,0.9
12/4/2022,7:24:06,-33.89934,18.95674,263.5,41.67,197.55,2,9,0.158,0.316,0.98
12/4/2022,7:24:07,-33.89945,18.9567,263.7,43.08,199.19,2,9,0.18,0.264,0.984
12/4/2022,7:24:08,-33.89955,18.95666,262.9,45.91,201.84,2,9,0.12,0.276,0.964
12/4/2022,7:24:10,-33.89979,18.95654,259.7,51.13,203.51,2,9,0.146,0.286,1.016
12/4/2022,7:24:11,-33.89991,18.95647,258.3,53.65,205.15,2,9,0.132,0.276,1.028
12/4/2022,7:24:13,-33.90017,18.95631,258,59.41,209.44,2,9,0.104,0.268,0.964
12/4/2022,7:24:15,-33.90044,18.9561,258,62.91,214.78,2,9,0.09,0.264,0.982
12/4/2022,7:24:16,-33.90056,18.95598,259.4,62.89,216.59,2,9,0,0.3,0.972
12/4/2022,7:24:17,-33.90069,18.95587,261,62.32,217.78,2,9,0,0.328,1.04
12/4/2022,7:24:19,-33.90092,18.95564,263.7,57.43,219.17,2,9,-0.038,0.312,1.022
12/4/2022,7:24:21,-33.90112,18.95543,264.2,50.73,218.62,2,9,-0.04,0.25,0.886
12/4/2022,7:24:23,-33.9013,18.95526,264.2,44.34,217.88,2,9,0.134,0.2,0.874
12/4/2022,7:24:25,-33.90147,18.9551,265.2,41.71,216.97,2,9,-0.09,0.262,0.994
12/4/2022,7:24:26,-33.90155,18.95503,265.5,37.69,215.78,2,9,-0.188,0.264,1.004
12/4/2022,7:24:27,-33.90161,18.95497,265.6,32.02,214.26,2,9,-0.18,0.224,1.044
12/4/2022,7:24:28,-33.90167,18.95493,265.5,26.02,213.21,2,9,-0.224,0.224,0.964
12/4/2022,7:24:30,-33.90173,18.95488,265.5,10.93,207.99,2,9,-0.068,0.258,0.972
12/4/2022,7:24:31,-33.90174,18.95487,265.5,6.32,204.88,2,9,0.084,0.252,0.964
12/4/2022,7:24:33,-33.90174,18.95487,265.5,0.17,204.88,2,9,0.062,0.24,0.99
12/4/2022,7:24:34,-33.90174,18.95487,265.5,0.09,204.88,2,9,0.076,0.244,1.008
12/4/2022,7:24:35,-33.90174,18.95487,265.5,0.04,204.88,2,9,0.064,0.24,1.008
12/4/2022,7:24:37,-33.90174,18.95487,265.5,0.13,204.88,2,9,0.228,0.228,1.016
12/4/2022,7:24:38,-33.90174,18.95487,265.5,0.52,204.88,2,9,0.196,0.34,0.924
12/4/2022,7:24:39,-33.90175,18.95485,265.6,8.3,226.19,2,9,0.18,0.26,1.004
12/4/2022,7:24:40,-33.90177,18.95483,265.7,11.04,221.85,2,9,0.244,0.244,0.98
12/4/2022,7:24:41,-33.9018,18.9548,265.8,15.59,219.26,2,9,0.148,0.232,0.996
12/4/2022,7:24:42,-33.90184,18.95476,266,19.78,222.58,2,9,0.024,0.256,0.944
12/4/2022,7:24:44,-33.90192,18.95467,266.5,23.95,221.58,2,9,0.176,0.22,0.968
12/4/2022,7:24:46,-33.90205,18.95456,267,32.1,216.78,2,9,0.194,0.278,1
12/4/2022,7:24:47,-33.90212,18.9545,267.5,35.89,218,2,9,0.184,0.26,1.068
12/4/2022,7:24:48,-33.90221,18.95442,268.3,39.73,217.16,2,9,0.028,0.264,0.948
12/4/2022,7:24:49,-33.90229,18.95434,269.1,41.8,216.67,2,9,0.132,0.316,1.028
12/4/2022,7:24:51,-33.90247,18.95419,270.7,44.19,215.27,2,9,0.12,0.268,1.002
12/4/2022,7:24:52,-33.90257,18.95411,271.3,45.08,215.35,2,9,0.1,0.276,1.024
12/4/2022,7:24:53,-33.90266,18.95403,271.8,46.1,215.21,2,9,0.008,0.256,0.892
12/4/2022,7:24:54,-33.90277,18.95395,272.5,45.6,214.48,2,9,0.052,0.256,0.96
12/4/2022,7:24:56,-33.90295,18.95379,273.2,44.56,215.76,2,9,0.128,0.256,0.976
12/4/2022,7:24:58,-33.90314,18.95363,273.9,44.47,215.32,2,9,0.098,0.258,0.882
12/4/2022,7:24:59,-33.90324,18.95355,273.7,44.52,215.79,2,9,0.032,0.272,0.94
12/4/2022,7:25:00,-33.90332,18.95347,273.7,43.71,215.57,2,9,0.004,0.28,1
12/4/2022,7:25:01,-33.90341,18.9534,274.3,41.1,215.16,2,9,-0.128,0.252,0.988
12/4/2022,7:25:02,-33.90349,18.95334,274.9,37,213.46,2,9,-0.096,0.264,0.956
12/4/2022,7:25:04,-33.90361,18.95323,276.5,26.56,214.31,2,9,-0.028,0.278,0.97
12/4/2022,7:25:05,-33.90366,18.95319,277,22.22,212.58,2,9,0.264,0.256,0.988
12/4/2022,7:25:07,-33.90375,18.95312,277.7,20.52,213.6,2,9,0.146,0.256,0.968
12/4/2022,7:25:09,-33.90385,18.95304,278.3,23.74,214.21,2,9,0.182,0.268,0.986
12/4/2022,7:25:10,-33.90389,18.953,278.6,25.87,216.5,2,9,0.14,0.26,0.98
12/4/2022,7:25:12,-33.90401,18.95291,278.9,30.54,215.87,2,9,0.06,0.26,0.972
12/4/2022,7:25:13,-33.90407,18.95285,279.1,31.65,214.83,2,9,0,0.284,1.024
12/4/2022,7:25:15,-33.9042,18.95274,278.7,30.76,214.57,2,9,0.002,0.264,0.948
12/4/2022,7:25:17,-33.90432,18.95264,278.1,29.59,215.08,2,9,0.03,0.228,0.888
12/4/2022,7:25:19,-33.90446,18.95253,278.2,34.71,214.97,2,9,0.088,0.23,0.912
12/4/2022,7:25:21,-33.90461,18.9524,278.2,38.84,215.77,2,9,0.04,0.262,0.96
12/4/2022,7:25:22,-33.90469,18.95233,278,40.26,216.3,2,9,0.028,0.26,0.956
12/4/2022,7:25:23,-33.90478,18.95225,277.2,41.23,217.1,2,9,0,0.256,0.96
12/4/2022,7:25:25,-33.90495,18.9521,274.8,42.56,216.43,2,9,0.034,0.254,0.928
12/4/2022,7:25:26,-33.90504,18.95202,274.4,44,216.14,2,9,0.084,0.248,1
12/4/2022,7:25:27,-33.90513,18.95193,274.8,45.63,216.71,2,9,0.108,0.28,1.024
12/4/2022,7:25:29,-33.90534,18.95176,276.2,49.34,214.48,2,9,0.046,0.294,1.07
12/4/2022,7:25:30,-33.90544,18.95167,277.9,50.84,213.76,2,9,0.092,0.324,0.984
12/4/2022,7:25:31,-33.90556,18.95159,279.9,52.08,213.21,2,9,0.024,0.292,0.988
12/4/2022,7:25:33,-33.90579,18.95142,284.2,50.17,209.37,2,9,0.066,0.262,1.052
12/4/2022,7:25:34,-33.90591,18.95135,284.6,48.89,207.45,2,9,0.068,0.268,1.044
12/4/2022,7:25:35,-33.90602,18.95129,283.8,48.89,206.27,2,9,0.104,0.26,1.028
12/4/2022,7:25:36,-33.90613,18.95122,283.2,48.78,206.2,2,9,0.16,0.3,0.936
12/4/2022,7:25:38,-33.90636,18.95109,284.2,48.91,207.31,2,9,0.11,0.29,0.966
12/4/2022,7:25:40,-33.90658,18.95095,287.2,48.82,210.7,2,9,0.076,0.306,1.006
12/4/2022,7:25:41,-33.90668,18.95087,288.7,48.13,211.89,2,9,0.128,0.3,0.86
12/4/2022,7:25:42,-33.90679,18.95079,289.6,48.15,214.72,2,9,0.1,0.316,0.96
12/4/2022,7:25:43,-33.90689,18.95071,290.8,48.19,216.66,2,9,0.092,0.28,0.952
12/4/2022,7:25:44,-33.90699,18.95061,291.7,48.99,218.37,2,9,0.088,0.268,0.936
12/4/2022,7:25:45,-33.90709,18.95051,292.3,49.06,219.9,2,9,0.044,0.336,0.968
12/4/2022,7:25:47,-33.90728,18.95031,293.8,50.13,220.72,2,9,0.024,0.28,0.958
12/4/2022,7:25:49,-33.90747,18.95011,291.4,50.45,221.11,2,9,0.02,0.282,0.952
12/4/2022,7:25:51,-33.90767,18.9499,287.6,52.17,220.88,2,9,0.046,0.264,0.956
12/4/2022,7:25:52,-33.90777,18.94979,286.9,52.19,220.27,2,9,0.004,0.316,1.016
12/4/2022,7:25:53,-33.90788,18.94968,286.1,52.62,220.36,2,9,0.032,0.272,0.976
12/4/2022,7:25:55,-33.90808,18.94947,285.9,53.63,220.04,2,9,0.01,0.3,1.01
12/4/2022,7:25:57,-33.90829,18.94925,285.1,54.65,221.88,2,9,0.05,0.29,0.944
12/4/2022,7:25:59,-33.90849,18.94903,283,54.54,222.01,2,9,-0.004,0.324,1.016
12/4/2022,7:26:01,-33.90869,18.94881,280.4,53.99,222.48,2,9,0.016,0.282,0.948
12/4/2022,7:26:03,-33.90888,18.9486,280.5,53.28,223.35,2,9,0.04,0.282,0.982
12/4/2022,7:26:04,-33.90899,18.94849,280,53.75,223.53,2,9,0.004,0.32,0.976
12/4/2022,7:26:05,-33.90909,18.94837,280,53.25,222.98,2,9,0,0.324,0.988
12/4/2022,7:26:07,-33.90928,18.94816,281.2,52.56,221.46,2,9,0.066,0.314,0.926
12/4/2022,7:26:08,-33.90938,18.94806,282.4,53.54,220.51,2,9,0.004,0.404,0.964
12/4/2022,7:26:10,-33.90959,18.94785,285.1,53.15,220.77,2,9,0.056,0.414,0.996
12/4/2022,7:26:12,-33.9098,18.94763,285,57.13,222.46,2,9,0.068,0.376,0.936
12/4/2022,7:26:13,-33.90991,18.94751,284.9,55.73,224.52,2,9,0.004,0.376,0.904
12/4/2022,7:26:15,-33.91011,18.94723,284.9,63.06,231.54,2,9,0.026,0.378,0.98
12/4/2022,7:26:16,-33.91021,18.94708,285.3,64.28,235.33,2,9,0.032,0.284,1.036
12/4/2022,7:26:18,-33.91038,18.94675,283.5,65.28,240.8,2,9,-0.186,-0.008,1.014
12/4/2022,7:26:19,-33.91045,18.94659,283,61.62,242.55,2,9,-0.072,0.088,1.032
12/4/2022,7:26:20,-33.91052,18.94642,283.5,61.6,242.98,2,9,-0.016,0.264,0.972
12/4/2022,7:26:21,-33.91059,18.94626,284.1,62.1,244.1,2,9,0.072,0.192,1.028
12/4/2022,7:26:23,-33.91072,18.94594,282.2,58.58,243.31,2,9,0.044,0.248,0.988
12/4/2022,7:26:24,-33.91078,18.94578,280,57.47,242.39,2,9,0.012,0.252,1.016
12/4/2022,7:26:25,-33.91085,18.94564,278.3,55.87,242.73,2,9,0.124,0.24,1.008
12/4/2022,7:26:27,-33.91097,18.94534,277.1,53.52,243.7,2,9,0.176,0.21,1.016
12/4/2022,7:26:28,-33.91102,18.9452,276.7,52.56,244.87,1,9,0.216,0.22,0.932
12/4/2022,7:26:29,-33.91108,18.94506,275.7,52.36,244.47,1,9,0.208,0.2,0.968
12/4/2022,7:26:31,-33.9112,18.94475,275.2,51.95,243.85,1,9,0.228,0.22,0.966
12/4/2022,7:26:33,-33.91133,18.94444,272.8,59.76,245.63,1,9,0.17,0.258,0.904
12/4/2022,7:26:34,-33.91139,18.94427,272,58.58,246.34,1,9,0,0.28,0.996
12/4/2022,7:26:35,-33.91144,18.94412,271.6,59.65,246.16,1,9,0.052,0.296,1.016
12/4/2022,7:26:37,-33.91154,18.94384,270.4,47.47,246.77,1,9,0.114,0.26,0.99
12/4/2022,7:26:39,-33.91162,18.9436,269.2,41.98,248.33,1,9,0.09,0.254,0.952
12/4/2022,7:26:41,-33.91169,18.94338,268.8,37.74,250.42,2,9,0.122,0.262,0.978
12/4/2022,7:26:42,-33.91172,18.94327,268.6,35.91,250.17,2,9,0.12,0.256,0.956
12/4/2022,7:26:44,-33.91178,18.94308,267.7,33.48,248.15,2,9,0.108,0.26,0.998
12/4/2022,7:26:45,-33.91181,18.94299,268.1,32.24,248.46,2,9,0.248,0.256,1.02
12/4/2022,7:26:46,-33.91184,18.9429,268.6,32.67,249.29,2,9,0.256,0.244,0.944
12/4/2022,7:26:47,-33.91186,18.9428,269.1,34.26,249.83,2,9,0.232,0.24,0.984
12/4/2022,7:26:48,-33.9119,18.94271,269.6,35.41,249.76,2,9,0.24,0.248,0.94
12/4/2022,7:26:49,-33.91193,18.9426,270.7,36.89,250.51,2,9,0.252,0.244,0.976
12/4/2022,7:26:50,-33.91196,18.94249,272,39.24,250.19,2,9,0.264,0.244,0.952
12/4/2022,7:26:51,-33.91199,18.94238,272.6,41.48,251.33,2,9,0.224,0.256,1.052
12/4/2022,7:26:53,-33.91207,18.94214,273.6,43.02,248.77,2,9,0.114,0.258,0.956
12/4/2022,7:26:54,-33.91211,18.94202,273.8,42.73,247.41,2,9,0.076,0.224,1.024
12/4/2022,7:26:55,-33.91216,18.94191,273.9,39.97,244.92,2,9,0,0.256,0.968
12/4/2022,7:26:57,-33.91223,18.94173,274.6,27.58,239.82,2,9,0.044,0.334,0.97
12/4/2022,7:26:59,-33.91231,18.94163,275.9,20.41,207.82,2,9,0.164,0.506,0.86
12/4/2022,7:27:01,-33.91239,18.94165,276.4,18.11,160.17,2,9,0.214,0.342,0.904
12/4/2022,7:27:02,-33.91243,18.94168,276.4,22.06,145.23,2,9,0.212,0.356,0.9
12/4/2022,7:27:03,-33.91247,18.94174,276,24.45,133.72,2,9,0.2,0.376,0.912
12/4/2022,7:27:05,-33.91255,18.9419,274.7,31.54,110.75,2,9,0.26,0.33,0.85
12/4/2022,7:27:07,-33.9126,18.94211,273.2,37.56,102.06,2,9,0.25,0.282,0.938
12/4/2022,7:27:09,-33.91262,18.94239,272.2,47.13,96.98,2,9,0.214,0.438,1.022
12/4/2022,7:27:10,-33.9126,18.94257,271.7,51.28,85.14,2,9,0.256,0.444,0.908
12/4/2022,7:27:11,-33.91258,18.94273,271.2,52.65,78.69,2,9,0.204,0.272,1
12/4/2022,7:27:12,-33.91255,18.9429,270.9,56.08,74.76,2,9,0.176,0.208,1.032
12/4/2022,7:27:13,-33.9125,18.94308,271.1,58.78,73.13,2,9,0.16,0.164,0.996
12/4/2022,7:27:15,-33.91244,18.94344,271.5,62.26,81.71,2,9,0.182,0.202,1.008
12/4/2022,7:27:17,-33.9124,18.94384,270.2,64.04,84.99,2,9,0.202,0.244,1.002
12/4/2022,7:27:18,-33.91239,18.94404,270.5,66.01,85.83,2,9,0.236,0.248,0.964
12/4/2022,7:27:19,-33.91237,18.94425,271.3,66.69,85.61,2,9,0.216,0.256,1.044
12/4/2022,7:27:20,-33.91235,18.94446,271.9,68.6,86.26,2,9,0.204,0.26,0.932
12/4/2022,7:27:21,-33.91234,18.94468,270.7,69.97,86.69,2,9,0.132,0.256,1.028
12/4/2022,7:27:23,-33.9123,18.94511,267,68.54,85.89,2,9,0.1,0.262,1.048
12/4/2022,7:27:25,-33.91229,18.94552,266.5,64.95,89.34,2,9,0.102,0.122,1.006
12/4/2022,7:27:27,-33.91231,18.94591,265.8,60.26,98.9,2,9,0.066,0.12,0.916
12/4/2022,7:27:29,-33.91243,18.94627,267.1,62.54,111.27,2,9,0.186,0.084,1.03
12/4/2022,7:27:31,-33.9126,18.94661,268.8,62.56,121.41,2,9,0.194,0.29,1.006
12/4/2022,7:27:32,-33.91269,18.94677,268.7,62.67,123.9,2,9,0.08,0.264,0.944
12/4/2022,7:27:33,-33.91279,18.94691,268.4,61.97,128.11,2,9,0.008,0.292,1.012
12/4/2022,7:27:35,-33.91302,18.94719,268.8,59.39,132.46,2,9,0,0.254,0.98
12/4/2022,7:27:36,-33.91313,18.94731,269.2,55.23,133.49,2,9,-0.096,0.304,1.012
12/4/2022,7:27:38,-33.91331,18.94752,269.6,45.36,132.93,2,9,0.05,0.304,0.926
12/4/2022,7:27:39,-33.91339,18.94761,269.9,40.45,128.53,2,9,0.128,0.416,0.956
12/4/2022,7:27:40,-33.91344,18.94768,270,31.87,120.34,2,9,0.124,0,1.032
12/4/2022,7:27:42,-33.91354,18.94782,270.1,30,127.05,2,9,0.066,-0.018,1.07
12/4/2022,7:27:44,-33.91367,18.94792,270.9,27.45,150.01,2,9,0.178,0.202,1.008
12/4/2022,7:27:46,-33.91382,18.94795,271.9,28.34,163.09,2,9,0.236,0.34,0.938
12/4/2022,7:27:48,-33.91395,18.94801,272.4,26.32,155.59,2,9,0.014,0.222,1.072
12/4/2022,7:27:50,-33.91404,18.94805,272.6,19.17,152.1,2,9,0.03,0.312,0.988
12/4/2022,7:27:52,-33.91408,18.94807,272.6,8.91,149.08,2,9,0.082,0.274,0.978
12/4/2022,7:27:53,-33.91409,18.94808,272.6,5.04,144.9,2,9,0.212,0.28,0.948
12/4/2022,7:27:54,-33.91409,18.94808,272.6,0.22,144.9,2,9,0.188,0.296,0.96
12/4/2022,7:27:55,-33.91409,18.94808,272.6,0.15,144.9,2,9,0.184,0.28,0.96
12/4/2022,7:27:57,-33.91409,18.94807,272.7,0.06,144.9,2,9,0.17,0.27,0.968
12/4/2022,7:27:58,-33.91409,18.94807,272.7,0.02,144.9,2,9,0.168,0.296,0.956
12/4/2022,7:28:00,-33.9141,18.94807,272.7,0.13,144.9,2,9,0.178,0.294,0.958
12/4/2022,7:28:01,-33.9141,18.94807,272.7,0.04,144.9,2,9,0.176,0.288,0.952
12/4/2022,7:28:03,-33.9141,18.94806,272.7,0,144.9,2,9,0.18,0.294,0.96
12/4/2022,7:28:05,-33.9141,18.94806,272.7,0,144.9,2,9,0.182,0.28,0.96
12/4/2022,7:28:06,-33.9141,18.94806,272.7,0.13,144.9,2,9,0.164,0.272,0.948
12/4/2022,7:28:07,-33.9141,18.94806,272.7,1.57,144.9,2,9,0.156,0.284,0.944
12/4/2022,7:28:09,-33.9141,18.94805,272.8,0.41,144.9,2,9,0.25,0.254,0.948
12/4/2022,7:28:11,-33.9141,18.94805,272.8,4.19,170.97,2,9,0.268,0.254,0.958
12/4/2022,7:28:12,-33.91412,18.94806,272.8,7.32,163.27,2,9,0.312,0.256,0.888
12/4/2022,7:28:13,-33.91414,18.94806,272.9,9.85,164.12,2,9,0.376,0.248,0.972
12/4/2022,7:28:15,-33.91422,18.94811,273,17,151.41,2,9,0.172,0.206,1
12/4/2022,7:28:16,-33.91426,18.94813,273.2,18.13,150.82,2,9,0.256,0.18,0.936
12/4/2022,7:28:18,-33.91436,18.9482,273.5,24.39,149.45,2,9,0.282,0.212,0.962
12/4/2022,7:28:20,-33.91452,18.94829,274,32.06,154.36,2,9,0.218,0.2,0.962
12/4/2022,7:28:22,-33.91468,18.94839,274,34.28,152.35,2,9,-0.038,0.256,1.016
12/4/2022,7:28:23,-33.91475,18.94843,274.1,31.54,152.31,2,9,-0.068,0.288,0.92
12/4/2022,7:28:24,-33.91481,18.94847,274.3,26.98,152.59,2,9,0.06,0.248,0.9
12/4/2022,7:28:26,-33.9149,18.94852,274.6,17.19,152.41,2,9,0.22,0.236,0.962
12/4/2022,7:28:27,-33.91494,18.94854,274.8,15.69,155.57,2,9,0.248,0.192,0.964
12/4/2022,7:28:28,-33.91498,18.94856,274.9,15.63,157.95,2,9,0.224,0.192,0.92
12/4/2022,7:28:30,-33.91505,18.94861,275,18.32,153.63,2,9,0.244,0.192,0.948
12/4/2022,7:28:32,-33.91516,18.94867,275,22.41,152.65,2,9,0.284,0.174,0.942
12/4/2022,7:28:33,-33.91522,18.94871,275,25.04,151.88,2,9,0.292,0.18,1.024
12/4/2022,7:28:34,-33.91528,18.94875,275,27.11,152.2,2,9,0.3,0.16,1.004
12/4/2022,7:28:35,-33.91535,18.9488,275.2,30.28,151.74,2,9,0.176,0.164,1.032
12/4/2022,7:28:36,-33.91544,18.94885,275.5,33.5,151.1,2,9,0.264,0.208,1.108
12/4/2022,7:28:37,-33.91553,18.94891,276,36.84,152.38,2,9,0.248,0.232,0.964
12/4/2022,7:28:39,-33.91573,18.94903,276.5,42.73,152.02,2,9,0.164,0.186,0.864
12/4/2022,7:28:41,-33.91595,18.94917,276.6,47.63,152.88,2,9,0.234,0.178,0.924
12/4/2022,7:28:43,-33.91621,18.94932,275.7,53.86,153.16,2,9,0.208,0.204,1.05
12/4/2022,7:28:44,-33.91633,18.9494,275.7,55.37,153.62,2,9,0.168,0.232,1.02
12/4/2022,7:28:45,-33.91646,18.94948,275.9,56.71,153.09,2,9,0.032,0.244,0.96
12/4/2022,7:28:47,-33.91672,18.94964,277,56.04,152.95,2,9,0.064,0.22,1.02
12/4/2022,7:28:49,-33.91695,18.94979,279.5,51.8,152.75,2,9,0.004,0.208,0.956
12/4/2022,7:28:50,-33.91706,18.94986,280,49.1,152.83,2,9,-0.084,0.26,0.928
12/4/2022,7:28:51,-33.91715,18.94991,280.4,43.36,153.14,2,9,0,0.248,0.96
12/4/2022,7:28:52,-33.91723,18.94996,280.7,38.35,152.55,2,9,-0.056,0.252,0.96
12/4/2022,7:28:54,-33.91732,18.95002,281,22.45,152.65,2,9,0.086,0.276,0.86
12/4/2022,7:28:55,-33.91735,18.95005,281.1,18.09,153.11,2,9,0.388,0.16,1.136
12/4/2022,7:28:57,-33.91743,18.95009,281.2,18.32,154.52,2,9,0.256,0.234,0.97
12/4/2022,7:28:58,-33.91748,18.95012,281.4,20.15,154.68,2,9,0.264,0.244,1.004
12/4/2022,7:28:59,-33.91753,18.95015,281.9,21.8,152.11,2,9,0.28,0.228,1.012
12/4/2022,7:29:00,-33.91759,18.95018,282.6,23.76,151.63,2,9,0.3,0.248,0.964
12/4/2022,7:29:02,-33.91772,18.95026,284.3,32.1,151.92,2,9,0.234,0.238,1
12/4/2022,7:29:04,-33.91788,18.95037,285.4,36.61,151.72,2,9,0.168,0.25,0.98
12/4/2022,7:29:05,-33.91796,18.95042,285.7,37.21,152.47,2,9,0.148,0.256,1.096
12/4/2022,7:29:06,-33.91803,18.95047,285.9,36.84,151.93,2,9,0.008,0.256,0.94
12/4/2022,7:29:08,-33.91817,18.95056,286,32.69,152.61,2,9,0.068,0.268,1.006
12/4/2022,7:29:09,-33.91823,18.9506,286.1,29.95,154.03,2,9,0.064,0.26,1.024
12/4/2022,7:29:10,-33.91828,18.95063,286.2,26.34,153.22,2,9,0.096,0.24,0.984
12/4/2022,7:29:11,-33.91833,18.95066,286.4,22.76,152.77,2,9,0.12,0.256,0.96
12/4/2022,7:29:12,-33.91837,18.95069,286.4,20.06,152.32,2,9,0.212,0.24,1.012
12/4/2022,7:29:14,-33.91844,18.95073,286.4,17.89,153.08,2,9,0.096,0.248,0.964
12/4/2022,7:29:15,-33.91847,18.95075,286.4,15.26,154.35,2,9,0.08,0.26,0.94
12/4/2022,7:29:17,-33.91853,18.95078,286.2,11.87,153.37,2,9,0.118,0.276,1.012
12/4/2022,7:29:18,-33.91856,18.9508,286.2,10.67,146.55,2,9,0.232,0.34,0.916
12/4/2022,7:29:19,-33.91857,18.95081,286.1,10.63,141.82,2,9,0.18,0.388,0.892
12/4/2022,7:29:21,-33.9186,18.95087,286,11.52,118.75,2,9,0.172,0.43,0.912
12/4/2022,7:29:23,-33.91859,18.95095,286,13.65,86.08,2,9,0.164,0.286,0.99
12/4/2022,7:29:25,-33.91854,18.95104,286.1,18.72,65.6,2,9,0.214,0.184,0.97
12/4/2022,7:29:27,-33.91847,18.95116,285.8,23.09,64.9,2,9,0.102,0.232,0.994
12/4/2022,7:29:28,-33.91845,18.95122,285.6,22.5,62.72,2,9,0.076,0.3,0.964
12/4/2022,7:29:29,-33.91842,18.95128,285.4,22.48,63.59,2,9,-0.004,0.26,0.964
12/4/2022,7:29:30,-33.91839,18.95133,285.2,21.02,59.71,2,9,0.104,0.312,0.992
12/4/2022,7:29:32,-33.91834,18.95143,284.9,17.93,56.84,2,9,0.118,0.242,0.966
12/4/2022,7:29:33,-33.91832,18.95148,284.6,17.45,58.79,2,9,0.12,0.26,1.012
12/4/2022,7:29:35,-33.91827,18.95157,284.3,16.48,58.75,2,9,0.132,0.314,0.95
12/4/2022,7:29:36,-33.91824,18.95161,284.1,15.33,60.17,2,9,0.016,0.268,0.896
12/4/2022,7:29:37,-33.91822,18.95165,284,14.5,58.9,2,9,0.144,0.252,1.008
12/4/2022,7:29:39,-33.91819,18.95172,283.7,12.15,58.12,2,9,0.042,0.31,0.964
12/4/2022,7:29:40,-33.91817,18.95174,283.6,10.02,50.12,2,9,0.108,0.296,0.932
12/4/2022,7:29:41,-33.91816,18.95176,283.5,8.19,48.95,2,9,0.128,0.308,0.968
12/4/2022,7:29:42,-33.91815,18.95178,283.5,6.13,52.76,2,9,0.232,0.284,1.028
12/4/2022,7:29:43,-33.91814,18.95179,283.4,6.06,57.17,2,9,0.232,0.276,0.94
12/4/2022,7:29:45,-33.91812,18.95183,283.3,7.69,69.55,2,9,0.286,0.26,0.952
12/4/2022,7:29:46,-33.91811,18.95186,283.2,9.98,69.68,2,9,0.188,0.364,0.96
12/4/2022,7:29:48,-33.91808,18.95192,283,11.74,50.69,2,9,0.028,0.254,0.974
12/4/2022,7:29:49,-33.91806,18.95195,283,11,52.88,2,9,0.012,0.312,0.976
12/4/2022,7:29:50,-33.91805,18.95197,283,9.17,56.47,2,9,0.012,0.328,0.992
12/4/2022,7:29:51,-33.91804,18.95198,282.9,7,50.12,2,9,0.136,0.288,0.968
12/4/2022,7:29:53,-33.91803,18.95199,282.9,3.2,37.07,2,9,0.18,0.27,0.952
12/4/2022,7:29:54,-33.91803,18.95199,282.9,2.7,37.07,2,9,0.156,0.28,0.968
12/4/2022,7:29:55,-33.91803,18.95199,282.9,2.39,37.07,2,9,0.152,0.28,0.976
12/4/2022,7:29:56,-33.91803,18.95199,282.9,2.07,37.07,2,9,0.168,0.276,0.964
12/4/2022,7:29:57,-33.91802,18.95199,282.9,0.81,37.07,2,9,0.148,0.268,0.996
12/4/2022,7:29:59,-33.91802,18.95199,282.9,0.65,37.07,2,9,0.164,0.27,0.968
12/4/2022,7:30:01,-33.91802,18.95199,282.9,0.09,37.07,2,9,0.156,0.266,0.962
12/4/2022,7:30:02,-33.91802,18.95199,282.9,0.65,37.07,2,9,0.148,0.272,0.96
12/4/2022,7:30:03,-33.91802,18.95199,282.9,0.28,37.07,2,9,0.148,0.272,0.944
12/4/2022,7:30:04,-33.91802,18.95199,282.9,0.63,37.07,2,9,0.136,0.256,0.956
12/4/2022,7:30:05,-33.91802,18.95199,282.9,0.91,37.07,2,9,0.148,0.272,0.972
12/4/2022,7:30:07,-33.91803,18.95198,282.9,0.94,37.07,2,9,0.166,0.272,0.98
12/4/2022,7:30:09,-33.91803,18.95198,282.9,0.98,37.07,2,9,0.15,0.276,0.97
12/4/2022,7:30:10,-33.91804,18.95198,282.9,0.85,37.07,2,9,0.148,0.276,0.972
12/4/2022,7:30:11,-33.91804,18.95198,282.9,0.96,37.07,2,9,0.172,0.26,0.96
12/4/2022,7:30:12,-33.91804,18.95197,282.9,0.39,37.07,2,9,0.156,0.26,0.968
12/4/2022,7:30:13,-33.91804,18.95197,282.9,0.3,37.07,2,9,0.14,0.26,0.968
12/4/2022,7:30:15,-33.91804,18.95197,282.9,0.24,37.07,2,9,0.142,0.276,0.984
12/4/2022,7:30:17,-33.91804,18.95197,282.9,0.24,37.07,2,9,0.142,0.27,0.956
12/4/2022,7:30:19,-33.91803,18.95197,282.9,0.07,37.07,2,9,0.148,0.266,0.992
12/4/2022,7:30:21,-33.91803,18.95197,282.9,0.33,37.07,2,9,0.15,0.268,0.962
12/4/2022,7:30:23,-33.91804,18.95197,282.9,0.67,37.07,2,9,0.16,0.272,0.968
12/4/2022,7:30:24,-33.91804,18.95197,282.9,0.72,37.07,2,9,0.168,0.264,0.94
12/4/2022,7:30:25,-33.91804,18.95197,282.9,0.78,37.07,2,9,0.152,0.264,0.96
12/4/2022,7:30:26,-33.91804,18.95197,282.9,0.93,37.07,2,9,0.156,0.28,0.968
12/4/2022,7:30:28,-33.91804,18.95197,282.9,1,37.07,2,9,0.15,0.258,0.962
12/4/2022,7:30:29,-33.91805,18.95197,283,0.89,37.07,2,9,0.164,0.276,0.956
12/4/2022,7:30:31,-33.91805,18.95197,283,0.63,37.07,2,9,0.148,0.276,0.96
12/4/2022,7:30:32,-33.91805,18.95197,283,0.46,37.07,2,9,0.144,0.26,0.948
12/4/2022,7:30:33,-33.91806,18.95197,283,0.61,37.07,2,9,0.164,0.264,0.956
12/4/2022,7:30:34,-33.91806,18.95197,283,0.65,37.07,2,9,0.228,0.244,0.98
12/4/2022,7:30:36,-33.91806,18.95197,283,0.74,37.07,2,9,0.156,0.264,0.958
12/4/2022,7:30:38,-33.91806,18.95197,283,0.91,37.07,2,9,0.236,0.242,0.934
12/4/2022,7:30:40,-33.91807,18.95198,283,3.39,37.07,2,9,0.236,0.294,0.914
12/4/2022,7:30:42,-33.91806,18.95201,283,5.22,91.04,2,9,0.12,0.316,0.982
12/4/2022,7:30:43,-33.91805,18.95204,283,7.89,73.6,2,9,0.068,0.332,0.904
12/4/2022,7:30:44,-33.91803,18.95207,282.9,8.67,63.44,2,9,0.048,0.3,1.008
12/4/2022,7:30:45,-33.91802,18.9521,282.9,8.54,60.44,2,9,0.004,0.304,0.976
12/4/2022,7:30:46,-33.91801,18.95212,282.8,7.2,61.42,2,9,0.068,0.304,0.956
12/4/2022,7:30:47,-33.91801,18.95214,282.8,4.44,47.25,2,9,0.2,0.232,0.896
12/4/2022,7:30:49,-33.918,18.95216,282.8,4.83,74.05,2,9,0.208,0.14,1.022
12/4/2022,7:30:51,-33.918,18.9522,282.8,6.96,110.39,2,9,0.084,0.238,0.962
12/4/2022,7:30:53,-33.91802,18.95223,282.9,6.43,145.79,2,9,0.204,0.2,0.98
12/4/2022,7:30:54,-33.91804,18.95224,283.1,7.09,154.57,2,9,0.26,0.216,0.96
12/4/2022,7:30:55,-33.91807,18.95225,283.2,9.59,158.86,2,9,0.196,0.252,1.064
12/4/2022,7:30:57,-33.91812,18.95228,283.5,13.26,158.23,2,9,0.172,0.24,1.026
12/4/2022,7:30:59,-33.91819,18.95233,284,15.65,155.6,2,9,0.138,0.26,0.964
12/4/2022,7:31:01,-33.91825,18.95237,284.4,14.85,152.23,2,9,0.178,0.228,0.972
12/4/2022,7:31:03,-33.91832,18.95242,285.1,15.63,154.54,2,9,0.094,0.26,0.992
12/4/2022,7:31:05,-33.91838,18.95246,285.6,12.83,150.89,2,9,0.116,0.248,0.988
12/4/2022,7:31:06,-33.9184,18.95248,285.8,10.7,147.94,2,9,0.132,0.248,0.948
12/4/2022,7:31:07,-33.91842,18.9525,286,8.11,147.48,2,9,0.112,0.272,0.972
12/4/2022,7:31:08,-33.91843,18.95251,286.1,6.67,151.21,2,9,0.128,0.256,0.96
12/4/2022,7:31:10,-33.91844,18.95252,286.1,0.24,144.09,2,9,0.146,0.258,0.968
12/4/2022,7:31:12,-33.91846,18.95253,286.2,0.26,144.09,2,9,0.196,0.268,0.962
12/4/2022,7:31:14,-33.91846,18.95254,286.3,0.22,144.09,2,9,0.252,0.284,0.942
12/4/2022,7:31:15,-33.91847,18.95255,286.4,0.3,144.09,2,9,0.22,0.288,0.976
12/4/2022,7:31:17,-33.91848,18.95257,286.5,0.41,144.09,2,9,0.148,0.208,0.958
12/4/2022,7:31:18,-33.91849,18.95258,286.6,0.43,144.09,2,9,0.056,0.308,0.992
12/4/2022,7:31:19,-33.91851,18.95258,286.6,0.43,144.09,2,9,0.124,0.268,0.964
12/4/2022,7:31:21,-33.91852,18.95259,286.6,3.24,149.57,2,9,0.202,0.23,0.962
12/4/2022,7:31:22,-33.91852,18.95259,286.6,3.2,150.8,2,9,0.152,0.26,0.988
12/4/2022,7:31:23,-33.91853,18.9526,286.7,3.2,154.13,2,9,0.24,0.204,0.996
12/4/2022,7:31:25,-33.91856,18.95261,286.8,3.61,163.96,2,9,0.106,0.304,0.94
12/4/2022,7:31:27,-33.91856,18.95261,286.8,1.69,167.33,2,9,0.158,0.26,0.978
12/4/2022,7:31:28,-33.91856,18.95261,286.8,0.59,167.33,2,9,0.16,0.276,0.984
12/4/2022,7:31:29,-33.91856,18.95261,286.8,1.2,293.89,2,9,0.104,0.3,0.944
12/4/2022,7:31:30,-33.91856,18.95261,286.8,1.67,307.58,2,9,0.172,0.292,0.948
12/4/2022,7:31:31,-33.91854,18.95261,286.8,2.5,334.34,2,9,0.152,0.308,0.996
12/4/2022,7:31:33,-33.91854,18.95261,286.8,2.24,356.16,2,9,0.17,0.324,0.956
12/4/2022,7:31:35,-33.91853,18.9526,286.7,0.81,359.24,2,9,0.244,0.278,0.962
12/4/2022,7:31:36,-33.91854,18.95259,286.6,0.78,359.24,2,9,0.304,0.048,0.964
12/4/2022,7:31:37,-33.91854,18.95256,286.4,4.33,275.87,2,9,0.048,-0.044,0.82
12/4/2022,7:31:39,-33.91851,18.95251,286.1,14.32,322.31,2,9,0.05,0.188,0.924
12/4/2022,7:31:41,-33.91844,18.95247,285.7,13.26,335.77,2,9,0.224,0.21,0.998
12/4/2022,7:31:42,-33.91841,18.95245,285.5,16.02,336.99,2,9,0.136,0.272,1.016
12/4/2022,7:31:43,-33.91837,18.95242,285.2,19.46,334.23,2,9,0.2,0.264,1.024
12/4/2022,7:31:45,-33.91826,18.95236,284.4,25.52,333.36,2,9,0.068,0.264,0.936
12/4/2022,7:31:47,-33.91815,18.95229,283.6,21.45,334.35,2,9,-0.01,0.274,0.936
12/4/2022,7:31:48,-33.91811,18.95227,283.4,18.24,332.48,2,9,0.048,0.328,1
12/4/2022,7:31:49,-33.91808,18.95224,283.1,14.04,324.96,2,9,0.14,0.296,1.024
12/4/2022,7:31:51,-33.91805,18.95219,283,10.09,288.53,2,9,0.21,0.442,0.91
12/4/2022,7:31:52,-33.91804,18.95215,282.9,12.76,261.32,2,9,0.244,0.384,0.972
12/4/2022,7:31:53,-33.91806,18.95211,283,15.65,241.76,2,9,0.248,0.216,0.996
12/4/2022,7:31:54,-33.91809,18.95206,282.9,20.24,236.17,2,9,0.256,0.244,1.036
12/4/2022,7:31:56,-33.91815,18.95192,282.8,28.26,240.95,2,9,0.256,0.194,0.914
12/4/2022,7:31:58,-33.91822,18.95175,283.5,30.72,242.82,2,9,-0.016,0.262,1.022
12/4/2022,7:31:59,-33.91825,18.95168,283.9,24.85,244.19,2,9,-0.036,0.264,0.912
12/4/2022,7:32:00,-33.91827,18.95162,284.1,18.63,243.72,2,9,0.156,0.244,0.828
12/4/2022,7:32:01,-33.91829,18.95158,284.3,14.45,239.67,2,9,0.228,0.244,1.092
12/4/2022,7:32:03,-33.91833,18.95149,284.6,18.15,243.55,2,9,0.258,0.244,0.948
12/4/2022,7:32:04,-33.91835,18.95144,284.8,22.5,245.58,2,9,0.268,0.228,0.924
12/4/2022,7:32:06,-33.91841,18.95129,285.4,28.47,245.32,2,9,0.278,0.25,0.942
12/4/2022,7:32:07,-33.91845,18.9512,285.7,32.41,243.22,2,9,0.14,0.304,0.964
12/4/2022,7:32:08,-33.91849,18.95111,286,33.32,240.46,2,9,0.052,0.26,0.916
12/4/2022,7:32:09,-33.91853,18.95103,286.1,30.11,238.28,2,9,0.024,0.276,1.024
12/4/2022,7:32:10,-33.91857,18.95096,286.1,25.65,239.73,2,9,0.06,0.116,1.008
12/4/2022,7:32:11,-33.91859,18.95089,286.1,21.43,248.15,2,9,0.056,-0.032,1.088
12/4/2022,7:32:12,-33.91859,18.95083,286.1,20.65,274.55,2,9,0.12,-0.056,0.992
12/4/2022,7:32:13,-33.91857,18.95077,286.1,22.3,295.25,2,9,0.188,0.06,1.052
12/4/2022,7:32:14,-33.91853,18.95072,286.2,23.37,315.73,2,9,0.252,0.156,0.956
12/4/2022,7:32:16,-33.9184,18.95064,286.2,30.13,331.03,2,9,0.088,0.226,0.98
12/4/2022,7:32:17,-33.91833,18.9506,286.2,30.76,331.98,2,9,0,0.256,1.04
12/4/2022,7:32:19,-33.91821,18.95053,285.9,24.45,333.39,2,9,-0.034,0.262,1.046
12/4/2022,7:32:20,-33.91816,18.9505,285.9,18.63,332.4,2,9,-0.068,0.26,1.012
12/4/2022,7:32:21,-33.91813,18.95048,285.9,11.74,331.89,2,9,-0.032,0.256,1.008
12/4/2022,7:32:22,-33.91811,18.95047,285.9,6.91,339.56,2,9,0,0.256,1
12/4/2022,7:32:23,-33.91811,18.95047,285.9,0.2,339.56,2,9,0.128,0.232,1.02
12/4/2022,7:32:25,-33.9181,18.95047,286,0.04,339.56,2,9,0.13,0.23,0.998
12/4/2022,7:32:27,-33.91811,18.95048,285.9,0.06,339.56,2,9,0.13,0.216,1.004
12/4/2022,7:32:28,-33.91811,18.95048,285.9,0.04,339.56,2,9,0.148,0.24,0.984
12/4/2022,7:32:30,-33.91811,18.95048,285.9,0,339.56,2,9,0.158,0.218,0.982
12/4/2022,7:32:31,-33.91811,18.95048,285.9,0.06,339.56,2,9,0.196,0.224,0.96
12/4/2022,7:32:33,-33.9181,18.95048,286,2.61,339.56,2,9,0.258,0.196,0.96
12/4/2022,7:32:34,-33.9181,18.95047,286,4.65,325.74,2,9,0.292,0.136,0.836
12/4/2022,7:32:35,-33.91807,18.95046,286,14.33,334.09,2,9,0.292,0.224,0.968
12/4/2022,7:32:36,-33.91802,18.95043,285.9,20.54,331.11,2,9,0.14,0.224,0.952
12/4/2022,7:32:38,-33.9179,18.95036,285.4,26.93,332.7,2,9,0.274,0.23,0.974
12/4/2022,7:32:40,-33.91776,18.95027,284.8,35.17,331.69,2,9,0.176,0.25,0.972
12/4/2022,7:32:41,-33.91767,18.95022,283.6,36.61,331.61,2,9,0.08,0.256,0.98
12/4/2022,7:32:42,-33.9176,18.95016,282.7,36.61,329.95,2,9,0.076,0.156,0.956
12/4/2022,7:32:43,-33.91752,18.95012,281.6,33.8,332.93,2,9,0.04,0.24,0.98
12/4/2022,7:32:45,-33.91738,18.95003,281.1,28.34,333.75,2,9,-0.036,0.244,0.97
12/4/2022,7:32:46,-33.91732,18.95,281,24.56,335.46,2,9,0,0.216,0.944
12/4/2022,7:32:47,-33.91728,18.94997,280.8,18.87,335.1,2,9,0.048,0.16,0.556
12/4/2022,7:32:48,-33.91724,18.94995,280.7,15.43,331.16,2,9,0.192,0.256,1.28
12/4/2022,7:32:50,-33.91718,18.94992,280.4,12.13,332.35,2,9,0.266,0.166,0.966
12/4/2022,7:32:52,-33.91711,18.94987,280.1,18.59,332.65,2,9,0.254,0.186,0.964
12/4/2022,7:32:53,-33.91706,18.94984,279.8,19.83,332.51,2,9,0.252,0.216,0.992
12/4/2022,7:32:55,-33.91695,18.94977,279.3,26.28,330.89,2,9,0.208,0.232,1.054
12/4/2022,7:32:56,-33.91687,18.94972,278.4,31.37,332.63,2,9,0.116,0.224,0.896
12/4/2022,7:32:57,-33.91679,18.94967,277.6,34.97,332.71,2,9,0.212,0.244,0.888
12/4/2022,7:32:59,-33.91661,18.94956,276.2,40.58,333.24,2,9,0.204,0.232,0.942
12/4/2022,7:33:00,-33.91652,18.9495,276,41.34,332.05,2,9,0.184,0.256,1.032
12/4/2022,7:33:02,-33.9163,18.94937,275.6,48.3,332.43,2,9,0.124,0.23,0.92
12/4/2022,7:33:03,-33.91619,18.94929,275.7,49.1,332.51,2,9,0.188,0.256,0.824
12/4/2022,7:33:04,-33.91607,18.94922,276.2,49.82,332.72,2,9,0.148,0.236,0.964
12/4/2022,7:33:06,-33.91584,18.94908,276.7,51.26,332.55,2,9,0.1,0.222,1.006
12/4/2022,7:33:07,-33.91572,18.949,276.4,50.74,331.61,2,9,0.092,0.216,0.968
12/4/2022,7:33:09,-33.91548,18.94886,275.7,45.8,332.58,2,9,0.058,0.254,0.95
12/4/2022,7:33:11,-33.91528,18.94874,275,45.06,332.46,2,9,0.036,0.22,0.928
12/4/2022,7:33:13,-33.9151,18.94863,275,39.67,332.48,2,9,-0.002,0.246,0.94
12/4/2022,7:33:15,-33.91494,18.94854,274.8,31.28,332.56,2,9,-0.044,0.27,1.012
12/4/2022,7:33:16,-33.91489,18.9485,274.6,25.15,333.74,2,9,-0.056,0.24,1.032
12/4/2022,7:33:17,-33.91484,18.94847,274.4,19.82,330.47,2,9,0.076,0.264,0.728
12/4/2022,7:33:19,-33.91479,18.94844,274.2,10.8,332.01,2,9,0.098,0.23,1.028
12/4/2022,7:33:20,-33.91477,18.94842,274.2,9.04,329.93,2,9,0.192,0.28,1.028
12/4/2022,7:33:22,-33.91472,18.94839,274,14.22,332.81,2,9,0.222,0.232,0.964
12/4/2022,7:33:24,-33.91464,18.94834,274,20.83,330.62,2,9,0.254,0.214,0.97
12/4/2022,7:33:25,-33.91458,18.9483,274,25.41,332.33,2,9,0.28,0.176,0.924
12/4/2022,7:33:27,-33.91445,18.94822,274,30.65,333.48,2,9,0.196,0.21,0.892
12/4/2022,7:33:28,-33.91437,18.94818,273.6,33.35,332.23,2,9,0,0.256,1.136
12/4/2022,7:33:29,-33.91427,18.94812,273.2,37.3,332.5,2,9,-0.088,0.268,1.004
12/4/2022,7:33:30,-33.91419,18.94807,273,34.76,332.28,2,9,-0.004,0.252,0.892
12/4/2022,7:33:32,-33.91406,18.94799,273,25.19,333.61,2,9,0.156,0.21,0.968
12/4/2022,7:33:34,-33.91394,18.94792,272.8,26.3,333.07,2,9,0.184,0.186,1.036
12/4/2022,7:33:35,-33.91387,18.94788,272.5,28.67,336.56,2,9,0.008,0.064,1.196
12/4/2022,7:33:36,-33.9138,18.94785,272.1,29.28,342.79,2,9,-0.06,0.212,1.016
12/4/2022,7:33:37,-33.91372,18.94783,271.6,28.15,347.27,2,9,0,0.264,0.944
12/4/2022,7:33:38,-33.91366,18.94781,271.2,24.48,351.43,2,9,0,0.26,1.02
12/4/2022,7:33:39,-33.91361,18.9478,270.9,20.3,349.33,2,9,0.076,0.372,0.972
12/4/2022,7:33:41,-33.91352,18.94776,270.2,16.72,329.63,2,9,0.144,0.338,0.948
12/4/2022,7:33:43,-33.91346,18.9477,270.1,18.39,314.19,2,9,0.262,0.278,0.96
12/4/2022,7:33:45,-33.91339,18.94758,270.2,23.35,305.47,2,9,0.272,0.212,0.94
12/4/2022,7:33:46,-33.91334,18.94751,270,30.48,306.74,2,9,0.26,0.188,0.948
12/4/2022,7:33:48,-33.91323,18.94734,270,38.13,309.8,2,9,0.184,0.248,0.948
12/4/2022,7:33:49,-33.91316,18.94724,270,39.43,310.66,2,9,0.224,0.252,0.92
12/4/2022,7:33:51,-33.91302,18.94704,269.9,45.32,312.15,2,9,0.236,0.208,0.948
12/4/2022,7:33:52,-33.91294,18.94693,269.9,46.6,312.83,2,9,0.164,0.2,0.844
12/4/2022,7:33:53,-33.91284,18.94681,269.7,51.39,313.9,2,9,0.156,0.232,1.016
12/4/2022,7:33:55,-33.91265,18.94656,269.3,54.15,313.62,2,9,0.104,0.266,0.974
12/4/2022,7:33:56,-33.91255,18.94644,268.5,53.5,313.28,2,9,0.184,0.364,1.016
12/4/2022,7:33:58,-33.91241,18.94617,266.8,52.89,302.8,2,9,0.252,0.386,0.924
12/4/2022,7:33:59,-33.91234,18.94602,265.9,54.62,299.87,2,9,0.192,0.404,1.012
12/4/2022,7:34:00,-33.9123,18.94585,265.8,56.28,290.96,2,9,0.244,0.436,0.964
12/4/2022,7:34:01,-33.91227,18.94568,266,56.21,282.88,2,9,0.208,0.316,0.976
12/4/2022,7:34:03,-33.91226,18.94529,266.3,58.45,270.11,2,9,0.152,0.25,0.978
12/4/2022,7:34:04,-33.91227,18.9451,266.9,62.71,267.48,2,9,0.144,0.208,0.956
12/4/2022,7:34:06,-33.9123,18.94468,270.5,65.69,266.27,2,9,0.088,0.204,0.95
12/4/2022,7:34:07,-33.91231,18.94448,271.8,66.43,266.5,2,9,0.096,0.252,0.94
12/4/2022,7:34:08,-33.91233,18.94428,271.4,65.69,266.21,2,9,0.124,0.256,1.02
12/4/2022,7:34:10,-33.91235,18.94388,270,63.56,265.57,2,9,0.068,0.286,1.122
12/4/2022,7:34:11,-33.91236,18.94369,270.7,62.99,265.08,2,9,0.164,0.348,0.836
12/4/2022,7:34:13,-33.91241,18.94331,271.6,62.62,259.52,2,9,0.16,0.346,0.966
12/4/2022,7:34:14,-33.91246,18.94312,271.1,63.6,253.86,2,9,0.084,0.224,1
12/4/2022,7:34:15,-33.91252,18.94293,271,63.08,252.38,2,9,0.132,0.136,1.032
12/4/2022,7:34:17,-33.91258,18.94257,271.7,62.08,260.77,2,9,0.048,0.176,0.97
12/4/2022,7:34:18,-33.91259,18.94239,272.1,58.54,266.54,2,9,0,0.196,0.952
12/4/2022,7:34:19,-33.9126,18.94223,272.4,54.21,267.42,2,9,0.008,0.232,1.032
12/4/2022,7:34:21,-33.91259,18.94197,274.1,38.24,273.13,2,9,0.018,0.262,1.012
12/4/2022,7:34:22,-33.91258,18.94187,275.2,31.48,275.34,2,9,0.076,0.256,1.016
12/4/2022,7:34:23,-33.91256,18.94179,276,27.58,279.1,2,9,0.056,0.252,0.992
12/4/2022,7:34:24,-33.91255,18.94173,276.6,23.98,281.15,2,9,0.104,0.204,0.952
12/4/2022,7:34:25,-33.91253,18.94167,277.2,20.74,293.7,2,9,0.136,0.244,0.924
12/4/2022,7:34:27,-33.91248,18.94159,277.7,16.11,302.64,2,9,0.076,0.328,0.994
12/4/2022,7:34:29,-33.91244,18.94155,277.7,10.39,311.14,2,9,0.206,0.288,0.984
12/4/2022,7:34:30,-33.91243,18.94154,277.7,7.67,312.16,2,9,0.264,0.296,1.02
12/4/2022,7:34:32,-33.91241,18.94152,277.8,11,315.13,2,9,0.192,0.306,0.93
12/4/2022,7:34:33,-33.91239,18.9415,277.8,8.76,317.35,2,9,0.092,0.3,0.992
12/4/2022,7:34:35,-33.91237,18.9415,277.6,0.28,321.11,2,9,0.184,0.266,0.952
12/4/2022,7:34:36,-33.91237,18.94151,277.5,0.13,321.11,2,9,0.172,0.256,0.944
12/4/2022,7:34:38,-33.91237,18.94152,277.4,0.09,321.11,2,9,0.216,0.256,0.958
12/4/2022,7:34:40,-33.91237,18.94151,277.5,0.11,321.11,2,9,0.144,0.256,0.974
12/4/2022,7:34:41,-33.91237,18.94151,277.5,0.07,321.11,2,9,0.28,0.26,0.964
12/4/2022,7:34:42,-33.91237,18.9415,277.6,0.09,321.11,2,9,0.276,0.256,0.956
12/4/2022,7:34:43,-33.91237,18.9415,277.6,0.2,321.11,2,9,0.164,0.284,0.964
12/4/2022,7:34:44,-33.91237,18.9415,277.6,0.37,321.11,2,9,0.152,0.236,0.992
12/4/2022,7:34:45,-33.91236,18.94149,277.6,0.43,321.11,2,9,0.14,0.236,0.956
12/4/2022,7:34:46,-33.91235,18.94148,277.6,3.89,298.69,2,9,0.316,0.272,1
12/4/2022,7:34:48,-33.91235,18.94145,277.8,6.13,283.5,2,9,0.352,0.296,0.95
12/4/2022,7:34:50,-33.91236,18.94137,278.7,18.5,248.34,2,9,0.356,0.188,0.968
12/4/2022,7:34:51,-33.91239,18.94131,279.5,24.5,241.83,2,9,0.116,0.152,0.988
12/4/2022,7:34:52,-33.91242,18.94125,280.3,25.91,239.32,2,9,0.312,0.192,1.02
12/4/2022,7:34:53,-33.91245,18.94118,281.1,26.24,237.37,2,9,0.26,0.12,0.968
12/4/2022,7:34:55,-33.91253,18.94104,282.5,29.63,236.06,2,9,0.272,0.15,0.972
12/4/2022,7:34:56,-33.91257,18.94096,282.9,32.26,234.77,2,9,0.276,0.164,0.992
12/4/2022,7:34:57,-33.91262,18.94089,283.1,33.69,234.09,2,9,0.28,0.156,0.928
12/4/2022,7:34:58,-33.91267,18.9408,282.9,35.48,232.01,2,9,0.272,0.188,0.964
12/4/2022,7:34:59,-33.91272,18.94072,282.8,37,231.5,2,9,0.268,0.18,0.96
12/4/2022,7:35:01,-33.91284,18.94055,283.5,39.41,229.29,2,9,0.258,0.16,0.934
12/4/2022,7:35:03,-33.91298,18.94035,284.9,43.74,229.19,2,9,0.19,0.19,1.004
12/4/2022,7:35:04,-33.91305,18.94025,285,43.32,229.05,2,9,0.164,0.208,0.988
12/4/2022,7:35:05,-33.91313,18.94015,285,43.02,230.12,2,9,0.248,0.184,1
12/4/2022,7:35:06,-33.9132,18.94005,285,44.24,230.24,2,9,0.224,0.228,0.968
12/4/2022,7:35:07,-33.91328,18.93995,284.7,45.54,229.14,2,9,0.256,0.22,0.956
12/4/2022,7:35:09,-33.91343,18.93974,283.1,46.65,228.77,2,9,0.246,0.196,0.928
12/4/2022,7:35:11,-33.91359,18.93952,283.7,49.08,227.96,2,9,0.25,0.234,0.936
12/4/2022,7:35:13,-33.91377,18.9393,286.1,50.93,228.21,2,9,0.244,0.27,0.914
12/4/2022,7:35:14,-33.91386,18.93918,287.8,52.39,229.16,2,9,0.252,0.26,0.956
12/4/2022,7:35:15,-33.91394,18.93906,289.6,53.43,230.18,2,9,0.224,0.26,0.948
12/4/2022,7:35:17,-33.91411,18.9388,292.6,54.21,233.09,2,9,0.236,0.264,0.948
12/4/2022,7:35:18,-33.91419,18.93866,293.1,56.87,236.2,2,9,0.22,0.252,1.016
12/4/2022,7:35:19,-33.91428,18.93851,294.4,58.36,238.34,2,9,0.236,0.284,1.04
12/4/2022,7:35:21,-33.91443,18.9382,295.9,59.97,240.71,2,9,0.222,0.242,0.966
12/4/2022,7:35:23,-33.91458,18.93787,296.3,62.6,242.11,2,9,0.184,0.24,0.936
12/4/2022,7:35:25,-33.91473,18.93753,297,64.08,242.62,2,9,0.226,0.172,1.026
12/4/2022,7:35:27,-33.91488,18.93718,297.6,66.32,242.69,2,9,0.204,0.188,0.946
12/4/2022,7:35:28,-33.91496,18.937,298.5,66.26,242.45,2,9,0.208,0.2,1.02
12/4/2022,7:35:30,-33.91511,18.93665,303.6,66.95,242.2,2,9,0.174,0.184,0.974
12/4/2022,7:35:32,-33.91526,18.9363,307.3,65.52,242.82,2,9,0.204,0.192,0.954
12/4/2022,7:35:33,-33.91534,18.93612,305.8,65.54,242.95,2,9,0.22,0.22,1.016
12/4/2022,7:35:34,-33.91541,18.93594,305.5,65.51,243.06,2,9,0.2,0.2,0.908
12/4/2022,7:35:36,-33.91557,18.9356,308.7,64.93,242.67,2,9,0.228,0.212,0.982
12/4/2022,7:35:38,-33.91571,18.93525,312.8,64.19,242.68,2,9,0.222,0.224,0.98
12/4/2022,7:35:39,-33.91579,18.93508,314.3,64.78,242.42,2,9,0.212,0.168,0.956
12/4/2022,7:35:40,-33.91587,18.9349,315.8,64.39,242.63,2,9,0.22,0.196,0.98
12/4/2022,7:35:42,-33.91602,18.93456,318.1,64.15,242.23,2,9,0.226,0.21,0.972
12/4/2022,7:35:44,-33.91617,18.93421,320.3,64.23,242.3,2,9,0.256,0.184,0.9
12/4/2022,7:35:46,-33.91632,18.93387,322.6,64.12,242.42,2,9,0.224,0.21,1.028
12/4/2022,7:35:47,-33.91639,18.9337,323.7,64.04,242.69,2,9,0.204,0.184,0.88
12/4/2022,7:35:48,-33.91646,18.93353,324.9,63.97,242.66,2,9,0.196,0.204,0.876
12/4/2022,7:35:49,-33.91654,18.93336,326.3,63.62,242.55,2,9,0.176,0.188,0.972
12/4/2022,7:35:51,-33.91669,18.93302,330.8,63.39,242.41,2,9,0.212,0.198,0.994
12/4/2022,7:35:53,-33.91683,18.93268,336.8,62.51,242.66,2,9,0.202,0.202,0.898
12/4/2022,7:35:55,-33.91698,18.93235,339.6,62.45,242.75,2,9,0.192,0.216,1.04
12/4/2022,7:35:57,-33.91712,18.93201,338.6,62.23,242.97,2,9,0.208,0.178,0.91
12/4/2022,7:35:59,-33.91726,18.93168,337.9,62.12,242.99,2,9,0.18,0.186,1.016
12/4/2022,7:36:00,-33.91734,18.93152,340.2,62.02,242.97,2,9,0.18,0.156,0.86
12/4/2022,7:36:01,-33.91741,18.93135,342,61.91,241.84,2,9,0.18,0.256,0.964
12/4/2022,7:36:03,-33.91757,18.93103,345.3,62.47,236.06,2,9,0.188,0.248,1.024
12/4/2022,7:36:05,-33.91777,18.93073,343.7,63.36,230.41,2,9,0.188,0.22,0.938
12/4/2022,7:36:06,-33.91787,18.93058,343.8,63.45,227.03,2,9,0.2,0.24,0.96
12/4/2022,7:36:08,-33.9181,18.93031,345.4,64.08,222.52,2,9,0.188,0.21,0.972
12/4/2022,7:36:09,-33.91822,18.93018,346.3,64.23,222.24,2,9,0.208,0.184,0.996
12/4/2022,7:36:10,-33.91835,18.93005,347.3,65.95,222.52,2,9,0.256,0.184,0.872
12/4/2022,7:36:12,-33.9186,18.92977,348.5,67.65,222.49,2,9,0.126,0.2,0.84
12/4/2022,7:36:14,-33.91885,18.9295,351.8,67.58,222.58,2,9,0.196,0.214,0.974
12/4/2022,7:36:16,-33.9191,18.92922,354.4,67.67,222.9,2,9,0.214,0.178,0.93
12/4/2022,7:36:17,-33.91923,18.92908,355.4,68.8,222.17,2,9,0.22,0.188,0.94
12/4/2022,7:36:18,-33.91936,18.92894,356.8,68.84,222.79,2,9,0.176,0.188,0.972
12/4/2022,7:36:20,-33.91962,18.92866,358.8,69.71,222.17,2,9,0.2,0.184,0.912
12/4/2022,7:36:21,-33.91975,18.92852,359.8,69.15,222.45,2,9,0.144,0.216,1.032
12/4/2022,7:36:22,-33.91988,18.92837,359.8,69.1,222.65,2,9,0.168,0.196,1.024
12/4/2022,7:36:23,-33.92001,18.92823,359.4,69.76,223.25,2,9,0.168,0.176,0.92
12/4/2022,7:36:24,-33.92014,18.92809,359.8,70.15,223.28,2,9,0.188,0.264,1.02
12/4/2022,7:36:25,-33.92027,18.92794,360.1,70.67,222.66,2,9,0.232,0.228,0.968
12/4/2022,7:36:27,-33.92054,18.92765,361.9,71.08,222.23,2,9,0.19,0.262,1.02
12/4/2022,7:36:28,-33.92067,18.92751,363.1,71.1,222.19,2,9,0.228,0.208,0.976
12/4/2022,7:36:30,-33.92092,18.92721,365.9,71.17,229.78,2,9,0.19,0.04,1.054
12/4/2022,7:36:31,-33.92103,18.92704,366.7,70.56,237.86,2,9,0.072,0.088,0.836
12/4/2022,7:36:32,-33.92111,18.92685,368,70.95,247.15,2,9,0.18,0.008,1.06
12/4/2022,7:36:34,-33.92121,18.92642,372.9,74.93,261.66,2,9,0.166,0.028,1.1
12/4/2022,7:36:35,-33.92122,18.9262,377,73.99,267.6,2,9,0.14,0.016,1.028
12/4/2022,7:36:37,-33.92117,18.92577,379.6,72.1,283.42,2,9,0.188,0.01,1.02
12/4/2022,7:36:38,-33.92111,18.92557,379.9,72.58,291.9,2,9,0.152,0.092,0.984
12/4/2022,7:36:39,-33.92102,18.92538,381.8,73.51,298.14,2,9,0.16,0.12,1.02
12/4/2022,7:36:41,-33.9208,18.92502,383.4,73.19,307.25,2,9,0.18,0.212,0.968
12/4/2022,7:36:43,-33.92057,18.92467,383.7,74.78,308.44,2,9,0.18,0.238,0.962
12/4/2022,7:36:45,-33.92033,18.92432,384.2,74.75,308.82,2,9,0.158,0.226,0.922
12/4/2022,7:36:47,-33.92007,18.92397,381,77.17,308.77,2,9,0.158,0.22,1
12/4/2022,7:36:48,-33.91994,18.9238,381.7,77.75,309.42,2,9,0.188,0.224,0.972
12/4/2022,7:36:49,-33.91981,18.92362,384.7,78.54,309.87,2,9,0.184,0.172,0.904
12/4/2022,7:36:51,-33.91954,18.92325,382.5,80.78,309.77,2,9,0.084,0.204,0.958
12/4/2022,7:36:52,-33.91941,18.92307,378.3,79.93,309.98,2,9,0.044,0.252,1.008
12/4/2022,7:36:53,-33.91928,18.92289,377,78.1,309.01,2,9,0.06,0.188,0.904
12/4/2022,7:36:54,-33.91915,18.92271,376.8,76.15,309.14,2,9,0.084,0.196,0.996
12/4/2022,7:36:55,-33.91902,18.92254,377.8,74.56,309.95,2,9,0.08,0.208,1.04
12/4/2022,7:36:57,-33.91878,18.92222,382.5,70.3,308.75,2,9,0.078,0.364,0.968
12/4/2022,7:36:58,-33.91868,18.92205,384.1,69.25,304.42,2,9,0.116,0.46,0.988
12/4/2022,7:37:00,-33.91851,18.92167,384.1,69.95,290.98,2,9,0.202,0.482,0.936
12/4/2022,7:37:01,-33.91846,18.92147,382.5,68.84,282.47,2,9,0.172,0.388,0.824
12/4/2022,7:37:03,-33.91845,18.92105,381.6,69.73,263.92,2,9,0.136,0.518,1.012
12/4/2022,7:37:05,-33.91856,18.92065,381.6,70.52,243.49,2,9,0.146,0.478,0.99
12/4/2022,7:37:06,-33.91865,18.92047,380.4,70.19,234.01,2,9,0.164,0.52,0.932
12/4/2022,7:37:07,-33.91877,18.9203,378.2,73.14,226.41,2,9,0.208,0.436,0.892
12/4/2022,7:37:09,-33.91908,18.92001,374,74.8,210.64,2,9,0.19,0.42,0.948
12/4/2022,7:37:10,-33.91926,18.9199,373.7,80.08,205.11,2,9,0.144,0.268,0.872
12/4/2022,7:37:12,-33.91965,18.91971,375.2,84.25,202.92,2,9,0.14,0.234,0.996
12/4/2022,7:37:13,-33.91986,18.9196,373.8,86.38,203.2,2,9,0.016,0.216,0.936
12/4/2022,7:37:14,-33.92006,18.9195,372.3,87.77,203.46,2,9,0.076,0.232,1.04
12/4/2022,7:37:15,-33.92027,18.91939,373.1,88.99,203.26,2,9,0.064,0.224,0.928
12/4/2022,7:37:16,-33.92047,18.91929,373.5,88.54,202.88,2,9,0.064,0.256,1.032
12/4/2022,7:37:17,-33.92069,18.91918,374.7,88.99,203.09,2,9,0.068,0.256,1.064
12/4/2022,7:37:19,-33.9211,18.91897,372.9,88.88,203.38,2,9,0.054,0.26,1.006
12/4/2022,7:37:21,-33.92152,18.91876,366.5,89.43,202.89,2,9,0.074,0.21,0.994
12/4/2022,7:37:22,-33.92173,18.91865,364.3,89.4,203.26,2,9,0,0.268,1.024
12/4/2022,7:37:23,-33.92193,18.91855,361.4,88.91,202.72,2,9,0.112,0.196,0.964
12/4/2022,7:37:24,-33.92214,18.91845,358.7,89.21,203.06,2,9,-0.012,0.252,0.948
12/4/2022,7:37:25,-33.92233,18.91835,355.5,88.69,202.96,2,9,-0.008,0.18,0.892
12/4/2022,7:37:27,-33.92269,18.91814,354.3,76.02,209.78,2,9,0.034,0.062,1.01
12/4/2022,7:37:28,-33.92284,18.91802,354,74.21,217.84,2,9,0.056,-0.004,1.024
12/4/2022,7:37:29,-33.92298,18.91787,352.5,74.62,227.95,2,9,0.104,-0.068,1.076
12/4/2022,7:37:31,-33.92317,18.91747,347.9,79.27,249.7,2,9,0.096,-0.062,1.002
12/4/2022,7:37:33,-33.92324,18.91701,351.5,79.75,266.22,2,8,0.096,-0.03,1.072
12/4/2022,7:37:34,-33.92323,18.91678,353.5,79.3,273.62,2,8,0.108,-0.084,1.048
12/4/2022,7:37:35,-33.92319,18.91654,354.3,80.4,282.85,2,8,0.08,-0.012,1.08
12/4/2022,7:37:36,-33.92312,18.91631,353.4,80.4,289.82,2,9,0.108,-0.064,1.048
12/4/2022,7:37:37,-33.92301,18.91611,351.7,80.45,303.39,2,9,0.152,0.088,1.056
12/4/2022,7:37:39,-33.92272,18.91575,353.5,81.04,318.02,2,9,0.134,0.162,0.918
12/4/2022,7:37:40,-33.92255,18.91559,354.3,85.38,320.61,2,9,0.144,0.22,1.072
12/4/2022,7:37:42,-33.92221,18.91527,352.1,86.51,321.1,2,9,0.1,0.198,1.064
12/4/2022,7:37:43,-33.92204,18.91511,354,86.06,321.78,2,9,0.072,0.204,0.876
12/4/2022,7:37:44,-33.92187,18.91496,354.4,86.01,321.99,2,9,0.052,0.228,1.024
12/4/2022,7:37:45,-33.92169,18.9148,352.2,86.01,322.32,2,9,0.06,0.256,1
12/4/2022,7:37:46,-33.92152,18.91464,348.7,85.47,322.49,2,9,0.048,0.244,1.028
12/4/2022,7:37:48,-33.92118,18.91433,344.1,85.43,321.71,2,9,0.06,0.198,0.924
12/4/2022,7:37:49,-33.92101,18.91417,341.8,85.32,321.23,2,9,0,0.248,0.892
12/4/2022,7:37:50,-33.92084,18.91401,336,85.12,321.17,2,9,0.004,0.344,0.948
12/4/2022,7:37:52,-33.92054,18.91369,331.7,78.77,315.36,2,9,0.11,0.5,0.934
12/4/2022,7:37:54,-33.92031,18.91331,330.3,79.3,301.92,2,8,0.098,0.55,0.946
12/4/2022,7:37:55,-33.92023,18.91309,328.2,79.49,292.5,2,8,0.064,0.512,0.856
12/4/2022,7:37:57,-33.92018,18.91263,321,76.67,274.11,2,8,0.084,0.542,0.888
12/4/2022,7:37:59,-33.92027,18.91216,319,76.1,249.84,2,7,0.108,0.518,0.942
12/4/2022,7:38:01,-33.92049,18.91174,321.7,75.28,230.95,2,9,0.124,0.482,0.914
12/4/2022,7:38:03,-33.92079,18.9114,317.5,81.49,215.72,2,8,0.122,0.44,0.896
12/4/2022,7:38:04,-33.92097,18.91128,314,82.56,209.31,2,9,0.012,0.256,0.948
12/4/2022,7:38:05,-33.92115,18.91116,309.8,82.54,206.89,2,8,0.06,0.192,1.028
12/4/2022,7:38:06,-33.92134,18.91105,307.3,83.58,206.86,2,8,0.06,0.24,1.136
12/4/2022,7:38:07,-33.92152,18.91094,306.8,80.19,207.79,2,8,0.064,0.248,1.084
12/4/2022,7:38:09,-33.92187,18.91071,308.2,79.23,213.13,2,8,0.108,0.178,1.038
12/4/2022,7:38:11,-33.92219,18.91041,304.9,81.14,222.64,2,8,0.122,0.102,0.94
12/4/2022,7:38:13,-33.92247,18.91006,303.5,81.14,231.36,2,8,0.06,0.228,0.926
12/4/2022,7:38:15,-33.92272,18.90969,308.7,81.53,231.49,2,9,0.054,0.23,0.95
12/4/2022,7:38:16,-33.92285,18.9095,312.6,78.67,230.49,2,9,0.06,0.252,0.98
12/4/2022,7:38:17,-33.92298,18.90932,314.8,77.8,229.7,2,9,0.08,0.316,1.132
12/4/2022,7:38:18,-33.92311,18.90914,314.6,77.86,227.06,2,9,0.124,0.332,0.892
12/4/2022,7:38:19,-33.92326,18.90897,313.7,78.69,221.91,2,9,0.124,0.536,1.004
12/4/2022,7:38:21,-33.92359,18.9087,314.2,80.32,210.01,2,9,0.086,0.332,0.934
12/4/2022,7:38:22,-33.92377,18.90859,312.6,81.25,204.98,2,9,0.124,0.392,0.956
12/4/2022,7:38:24,-33.92416,18.90842,305.6,81.54,197.34,2,9,0.048,0.308,0.966
12/4/2022,7:38:26,-33.92454,18.90829,298.6,76.52,198.45,2,9,-0.01,0.112,1.024
12/4/2022,7:38:28,-33.92488,18.90811,295.8,73.84,213.28,2,8,0.028,0.002,1.118
12/4/2022,7:38:30,-33.92514,18.90781,297.6,72.43,234.05,2,9,0.058,-0.038,1.13
12/4/2022,7:38:31,-33.92523,18.90763,297.5,72.01,244.48,2,9,0.044,-0.008,1.076
12/4/2022,7:38:33,-33.92534,18.90719,292.1,76.58,261.91,2,9,0.07,-0.062,0.976
12/4/2022,7:38:34,-33.92536,18.90696,294,74.38,267.39,2,9,0.124,-0.048,1.044
12/4/2022,7:38:36,-33.9253,18.90648,295.7,82.8,283.9,2,8,0.162,0.206,0.998
12/4/2022,7:38:37,-33.92523,18.90625,290.6,83.97,288.29,2,9,0.028,0.252,0.96
12/4/2022,7:38:39,-33.92509,18.90576,280.6,83.93,289.11,2,9,0.032,0.256,0.944
12/4/2022,7:38:40,-33.92502,18.90553,278.5,80.88,287.77,2,9,0.008,0.416,0.9
12/4/2022,7:38:41,-33.92497,18.90529,279.2,78.82,284.25,2,9,0.096,0.548,1.068
12/4/2022,7:38:43,-33.92493,18.90483,275.8,75.45,269.04,2,9,0.132,0.556,0.942
12/4/2022,7:38:45,-33.92502,18.90437,272.2,75.34,244.97,2,9,0.146,0.606,0.948
12/4/2022,7:38:47,-33.92526,18.90396,271.8,86.14,228.29,2,9,0.08,0.314,0.93
12/4/2022,7:38:49,-33.92555,18.90358,265.6,85.86,227.73,2,9,0.04,0.22,1.012
12/4/2022,7:38:51,-33.92582,18.9032,257.2,80.32,233.96,2,9,0.012,0.074,0.992
12/4/2022,7:38:52,-33.92592,18.90299,255.2,79.34,241.07,2,9,0.032,-0.036,1.164
12/4/2022,7:38:53,-33.92601,18.90278,254.3,79.52,249.67,2,9,0.048,-0.1,1.044
12/4/2022,7:38:55,-33.92608,18.90229,259.4,85.9,265.06,2,9,0.132,-0.05,1.162
12/4/2022,7:38:57,-33.92604,18.90179,262.1,84.54,278.92,2,9,0.124,0.26,1.014
12/4/2022,7:38:58,-33.92599,18.90154,261.7,85.97,281.82,2,9,0.152,0.304,1.028
12/4/2022,7:38:59,-33.92594,18.90129,261.4,87.4,282.63,2,9,0.068,0.296,0.896
12/4/2022,7:39:01,-33.92584,18.90077,260.6,88.67,282.58,2,9,0.05,0.19,0.834
12/4/2022,7:39:02,-33.92578,18.90051,257.2,88.19,282.51,2,9,0.032,0.256,1.328
12/4/2022,7:39:03,-33.92573,18.90026,254.3,88.21,282.91,2,9,0.06,0.2,0.872
12/4/2022,7:39:05,-33.92562,18.89976,258.1,87.28,283.62,2,9,0.056,0.332,0.922
12/4/2022,7:39:06,-33.92558,18.89951,260.7,82.15,282.08,2,9,0.116,0.48,0.956
12/4/2022,7:39:08,-33.92553,18.89901,258.8,83.47,270.58,2,9,0.17,0.486,0.996
12/4/2022,7:39:09,-33.92554,18.89876,254.7,83.97,262.82,2,9,0.128,0.492,0.92
12/4/2022,7:39:10,-33.92558,18.89851,250.9,83.88,255.24,2,9,0.136,0.508,0.88
12/4/2022,7:39:12,-33.92576,18.89803,249.7,84.17,239.44,2,9,0.05,0.388,1.044
12/4/2022,7:39:13,-33.92588,18.89781,250.7,88.17,236.79,2,9,0.064,0.228,0.904
12/4/2022,7:39:15,-33.92611,18.89736,250,87.91,238.09,2,9,0.064,0.238,0.942
12/4/2022,7:39:16,-33.92623,18.89714,249.1,88.77,239,2,9,0.052,0.26,0.912
12/4/2022,7:39:17,-33.92634,18.89691,247.5,89.38,239.43,2,9,0.064,0.224,0.948
12/4/2022,7:39:19,-33.92656,18.89648,243.3,83.73,240.06,2,9,0.04,0.204,0.968
12/4/2022,7:39:20,-33.92665,18.89625,243.7,82.58,242.95,2,9,0.032,0.136,0.996
12/4/2022,7:39:21,-33.92674,18.89603,243.7,82.64,246.91,2,9,0.044,0.132,0.936
12/4/2022,7:39:22,-33.92681,18.8958,241.6,83.95,250.95,2,9,0.04,0.144,0.96
12/4/2022,7:39:23,-33.92687,18.89556,238.3,84.84,254.54,2,9,0.012,0.152,1.028
12/4/2022,7:39:24,-33.92692,18.89532,235.8,83.17,259.1,2,9,0.068,0.148,1.108
12/4/2022,7:39:25,-33.92695,18.89507,235.7,83.21,261.85,2,9,0.06,0.224,1.128
12/4/2022,7:39:27,-33.92698,18.89458,232.8,82.27,268.3,2,9,0.03,0.208,0.98
12/4/2022,7:39:29,-33.92696,18.8941,228,79.25,274.73,2,9,0.036,0.254,1.016
12/4/2022,7:39:31,-33.92691,18.89362,224.4,80.01,277.33,2,9,0.034,0.226,0.882
12/4/2022,7:39:32,-33.92688,18.89339,224.3,79.27,277.74,2,9,0.068,0.276,0.976
12/4/2022,7:39:33,-33.92686,18.89315,224.3,78.91,277.42,2,9,0.088,0.268,1.08
12/4/2022,7:39:34,-33.92683,18.89292,223.9,78.97,277.23,2,9,0.068,0.24,0.916
12/4/2022,7:39:36,-33.92678,18.89246,222.3,78.73,277.54,2,9,0.036,0.252,1.076
12/4/2022,7:39:37,-33.92675,18.89223,220.8,78.49,277.51,2,9,0.02,0.28,1.136
12/4/2022,7:39:39,-33.92669,18.89176,216.5,77.93,278.31,2,9,0.092,0.274,1.038
12/4/2022,7:39:40,-33.92666,18.89153,211.1,78.27,278.05,2,9,0.004,0.236,1.024
12/4/2022,7:39:41,-33.92663,18.8913,206.5,78.3,277.71,2,9,-0.056,0.22,0.908
12/4/2022,7:39:42,-33.92661,18.89107,204.6,75.52,277.79,2,9,0.028,0.312,1.076
12/4/2022,7:39:43,-33.92658,18.89085,204.6,75.39,278.55,2,9,-0.016,0.256,0.86
12/4/2022,7:39:45,-33.92652,18.8904,203.7,74.8,279.08,2,9,0.034,0.256,0.976
12/4/2022,7:39:46,-33.9265,18.89018,202.8,75.21,278.8,2,9,0.008,0.256,0.892
12/4/2022,7:39:47,-33.92647,18.88995,201.1,75.14,278.54,2,9,0.008,0.3,0.996
12/4/2022,7:39:48,-33.92644,18.88973,198.9,75.14,278.35,2,9,0,0.28,1.004
12/4/2022,7:39:50,-33.92639,18.88928,195,75.15,278.45,2,9,0.026,0.224,0.836
12/4/2022,7:39:52,-33.92634,18.88884,195.3,74.69,277.3,2,9,0.05,0.234,0.876
12/4/2022,7:39:54,-33.92629,18.88839,190.7,75.75,277.75,2,9,0.044,0.206,0.894
12/4/2022,7:39:55,-33.92627,18.88817,189.3,75.14,277.54,2,9,0.06,0.256,1.008
12/4/2022,7:39:57,-33.92622,18.88772,186.4,75.28,277.56,2,9,0.066,0.258,1.112
12/4/2022,7:39:58,-33.9262,18.8875,183.8,75.62,277.2,2,9,0.068,0.216,0.944
12/4/2022,7:39:59,-33.92617,18.88728,180.1,75.65,276.73,2,9,0.072,0.244,1.032
12/4/2022,7:40:00,-33.92615,18.88705,178.2,75.71,277.1,2,9,0.08,0.244,0.988
12/4/2022,7:40:01,-33.92613,18.88683,177.4,75.28,277.88,2,9,0.028,0.22,0.96
12/4/2022,7:40:03,-33.92608,18.88638,174.4,75.36,277.55,2,9,0.054,0.246,1.014
12/4/2022,7:40:04,-33.92605,18.88615,171.7,75.25,277.49,2,9,0.04,0.256,1.032
12/4/2022,7:40:05,-33.92603,18.88593,169.2,75.36,277.18,2,9,0.076,0.252,1.024
12/4/2022,7:40:06,-33.926,18.8857,168,75.39,278.01,2,9,0.028,0.224,0.952
12/4/2022,7:40:07,-33.92597,18.88547,168.8,76.84,277.69,2,9,0.088,0.252,1.004
12/4/2022,7:40:08,-33.92595,18.88524,171,77.43,276.47,2,9,0,0.196,0.948
12/4/2022,7:40:09,-33.92593,18.88501,170.6,76.99,276.08,2,9,0.084,0.216,1.02
12/4/2022,7:40:11,-33.92588,18.88456,166.9,73.41,277.66,2,9,0.048,0.246,0.954
12/4/2022,7:40:13,-33.92583,18.88413,161.9,71.41,277.87,2,9,0.026,0.246,1.05
12/4/2022,7:40:15,-33.92578,18.88372,159.3,68.64,277.74,2,9,0.016,0.198,0.99
12/4/2022,7:40:16,-33.92576,18.88351,157.4,66.39,278.25,2,9,0.096,0.176,0.908
12/4/2022,7:40:17,-33.92573,18.88332,156.1,65.08,278.24,2,9,0.032,0.236,1.048
12/4/2022,7:40:19,-33.92569,18.88293,154.3,63.45,277.23,2,9,0.008,0.254,0.988
12/4/2022,7:40:21,-33.92565,18.88256,153.7,62.47,277.57,2,9,0.052,0.258,1.002
12/4/2022,7:40:23,-33.92561,18.88219,155.4,60.47,275.23,2,9,-0.006,0.268,0.964
12/4/2022,7:40:25,-33.92557,18.88184,155.1,56.78,274.65,2,9,0.076,0.29,1.022
12/4/2022,7:40:27,-33.92555,18.8815,152.8,55.91,273.13,2,9,0.08,0.256,0.976
12/4/2022,7:40:28,-33.92555,18.88134,151.5,55.87,271.71,2,9,0.1,0.264,0.936
12/4/2022,7:40:29,-33.92554,18.88117,149.7,54.97,271.17,2,9,-0.064,0.26,1.04
12/4/2022,7:40:30,-33.92554,18.881,147.9,52.99,270.44,2,9,-0.008,0.244,0.88
12/4/2022,7:40:32,-33.92554,18.8807,145.1,49.99,269.64,2,9,0.078,0.23,0.966
12/4/2022,7:40:33,-33.92553,18.88055,144.2,49.56,268.8,2,9,0.036,0.232,0.916
12/4/2022,7:40:35,-33.92553,18.88027,143.6,47.71,269.44,2,9,0.118,0.238,1.018
12/4/2022,7:40:36,-33.92553,18.88012,145.6,46.78,268.69,2,9,0.008,0.256,1.012
12/4/2022,7:40:37,-33.92553,18.87998,147.1,45.41,267.85,2,9,-0.004,0.232,1.016
12/4/2022,7:40:39,-33.92553,18.87972,146.1,42.19,267.68,2,9,-0.008,0.242,1.022
12/4/2022,7:40:40,-33.92554,18.8796,145.2,37.91,268.35,2,9,-0.104,0.348,0.952
12/4/2022,7:40:42,-33.92555,18.87941,143.8,26.17,257.78,2,8,-0.128,0.332,0.952
12/4/2022,7:40:44,-33.92558,18.87931,143.1,13.65,249.58,2,9,-0.036,0.26,0.962
12/4/2022,7:40:46,-33.92559,18.87927,142.9,4.59,237.29,2,9,0.012,0.284,1.01
12/4/2022,7:40:48,-33.9256,18.87927,142.9,0.15,237.29,2,9,0.096,0.286,0.994
12/4/2022,7:40:50,-33.9256,18.87928,143,0.09,237.29,2,9,0.09,0.286,0.964
12/4/2022,7:40:51,-33.9256,18.87928,143,0.06,237.29,2,9,0.092,0.264,0.952
12/4/2022,7:40:53,-33.9256,18.87928,143,0,237.29,2,9,0.106,0.256,0.98
12/4/2022,7:40:55,-33.9256,18.87928,143,0.06,237.29,2,9,0.098,0.274,0.962
12/4/2022,7:40:57,-33.9256,18.87928,143,0.02,237.29,2,9,0.1,0.274,0.966
12/4/2022,7:40:58,-33.9256,18.87928,143,0,237.29,2,9,0.096,0.268,0.956
12/4/2022,7:41:00,-33.9256,18.87928,143,0.02,237.29,2,9,0.104,0.274,0.994
12/4/2022,7:41:01,-33.9256,18.87928,143,0.02,237.29,2,9,0.092,0.276,0.996
12/4/2022,7:41:03,-33.9256,18.87928,143,0.02,237.29,2,9,0.088,0.278,0.984
12/4/2022,7:41:05,-33.9256,18.87928,143,0.02,237.29,2,9,0.09,0.276,0.98
12/4/2022,7:41:07,-33.9256,18.87928,143,0.02,237.29,2,9,0.1,0.276,0.978
12/4/2022,7:41:08,-33.9256,18.87928,143,0.02,237.29,2,9,0.088,0.292,0.972
12/4/2022,7:41:09,-33.9256,18.87928,143,0.02,237.29,2,9,0.104,0.272,0.968
12/4/2022,7:41:10,-33.9256,18.87928,143,0.06,237.29,2,9,0.156,0.26,0.956
12/4/2022,7:41:11,-33.9256,18.87928,143,1.3,237.29,2,9,0.264,0.26,0.98
12/4/2022,7:41:12,-33.9256,18.87927,142.9,3.41,237.29,2,9,0.236,0.24,0.892
12/4/2022,7:41:14,-33.92559,18.87922,142.6,17.52,282.44,2,9,0.262,0.278,1.018
12/4/2022,7:41:16,-33.92558,18.87908,141.8,26.56,279.23,2,9,0.154,0.242,0.918
12/4/2022,7:41:18,-33.92555,18.87891,141.1,30.89,278.3,2,9,0.236,0.264,1.002
12/4/2022,7:41:19,-33.92554,18.8788,140.4,34.84,279.13,2,9,0,0.28,1.02
12/4/2022,7:41:21,-33.92552,18.87858,139.3,35.23,278.92,2,9,0.018,0.28,0.952
12/4/2022,7:41:22,-33.92551,18.87848,139.3,32.3,278.94,2,9,0.004,0.26,0.928
12/4/2022,7:41:23,-33.92549,18.87838,139.5,30.19,279.18,2,9,-0.036,0.276,0.972
12/4/2022,7:41:24,-33.92549,18.8783,139.4,25.91,278.67,2,9,-0.036,0.304,0.86
12/4/2022,7:41:25,-33.92547,18.87823,139.4,21.61,279.93,2,9,-0.02,0.276,0.996
12/4/2022,7:41:26,-33.92547,18.87817,139.3,18.02,281.54,2,9,0,0.3,0.956
12/4/2022,7:41:28,-33.92545,18.87808,139.1,11.91,286.72,2,9,0.002,0.304,0.966
12/4/2022,7:41:29,-33.92544,18.87805,139,8.83,290.74,2,9,0.056,0.3,1.008
12/4/2022,7:41:30,-33.92543,18.87803,138.8,5.82,289.02,2,9,0.104,0.272,0.972
12/4/2022,7:41:31,-33.92543,18.87801,138.6,5.87,283.35,2,9,0.212,0.26,0.892
12/4/2022,7:41:33,-33.92541,18.87795,138,15.19,285.5,2,9,0.182,0.254,0.974
12/4/2022,7:41:35,-33.92539,18.87784,137,19.24,284.07,2,9,0.138,0.362,0.962
12/4/2022,7:41:37,-33.92539,18.87772,136.1,19.5,255.4,2,9,0.148,0.552,0.926
12/4/2022,7:41:39,-33.92548,18.87761,135.7,30.09,214.94,2,9,0.24,0.356,0.932
12/4/2022,7:41:40,-33.92555,18.87756,135.4,37.47,210.54,2,9,-0.008,0.276,0.916
12/4/2022,7:41:41,-33.92563,18.8775,134.5,39.84,210.54,2,9,0.068,0.22,0.984
12/4/2022,7:41:43,-33.9258,18.87738,132.8,36.61,209.88,2,9,0.032,0.224,0.968
12/4/2022,7:41:45,-33.92595,18.87728,131.1,33.19,209.77,2,9,0.026,0.238,0.972
12/4/2022,7:41:46,-33.92602,18.87723,130.1,31.65,210.09,2,9,0.024,0.24,1.004
12/4/2022,7:41:47,-33.92609,18.87719,129.1,30.24,209.88,2,9,0.004,0.26,1.036
12/4/2022,7:41:48,-33.92615,18.87714,128.9,28.04,208.71,2,9,-0.036,0.26,0.968
12/4/2022,7:41:50,-33.92625,18.87707,129.2,19.98,208.5,2,9,-0.036,0.246,0.974
12/4/2022,7:41:51,-33.92629,18.87705,129.4,16.19,208.74,2,9,0,0.252,0.988
12/4/2022,7:41:52,-33.92632,18.87702,129.6,12.54,209.55,2,9,-0.048,0.256,1.02
12/4/2022,7:41:53,-33.92634,18.87701,129.7,8.78,207.05,2,9,0,0.252,0.96
12/4/2022,7:41:54,-33.92635,18.877,129.7,4.7,203.68,2,9,0.004,0.252,1
12/4/2022,7:41:55,-33.92636,18.877,129.8,0.17,203.68,2,9,0.02,0.256,1.012
12/4/2022,7:41:56,-33.92636,18.877,129.8,0.06,203.68,2,9,0.08,0.236,0.976
12/4/2022,7:41:57,-33.92636,18.877,129.8,0.06,203.68,2,9,0.068,0.252,1.004
12/4/2022,7:41:58,-33.92636,18.877,129.8,0.06,203.68,2,9,0.072,0.244,0.984
12/4/2022,7:42:00,-33.92635,18.877,129.7,0.06,203.68,2,9,0.074,0.246,0.994
12/4/2022,7:42:02,-33.92635,18.877,129.7,0.04,203.68,2,9,0.086,0.238,0.986
12/4/2022,7:42:03,-33.92635,18.877,129.7,0.04,203.68,2,9,0.136,0.232,1.004
12/4/2022,7:42:04,-33.92635,18.877,129.7,0,203.68,2,9,0.228,0.224,0.992
12/4/2022,7:42:05,-33.92635,18.877,129.7,0,203.68,2,9,0.208,0.228,0.956
12/4/2022,7:42:07,-33.92638,18.87697,129.9,12.89,212.06,2,9,0.21,0.236,0.99
12/4/2022,7:42:08,-33.92642,18.87695,130.1,18.63,209.15,2,9,0.096,0.252,1.048
12/4/2022,7:42:09,-33.92646,18.87692,130.3,22.06,210.15,2,9,0.2,0.244,1.024
12/4/2022,7:42:11,-33.92658,18.87684,130.8,28.69,210.87,2,9,0.25,0.204,0.986
12/4/2022,7:42:13,-33.92674,18.87673,130.9,40.5,211.54,2,9,0.14,0.22,1.02
12/4/2022,7:42:15,-33.92693,18.87659,131,45.49,212.24,2,9,0.146,0.27,1.06
12/4/2022,7:42:17,-33.92713,18.87644,131,49.43,212.1,2,9,0.098,0.3,0.9
12/4/2022,7:42:18,-33.92724,18.87636,131,49.78,211.48,2,9,0.072,0.264,0.932
12/4/2022,7:42:19,-33.92735,18.87629,131,49.36,211.43,2,9,0.1,0.3,1.004
12/4/2022,7:42:21,-33.92756,18.87613,130.8,48.39,211.24,2,9,0.12,0.264,1.024
12/4/2022,7:42:23,-33.92777,18.87598,130,48,210.99,2,9,0.052,0.244,1
12/4/2022,7:42:24,-33.92787,18.87591,130,46.19,210.91,2,9,0.076,0.244,0.992
12/4/2022,7:42:25,-33.92797,18.87584,130,44.73,210.26,2,9,0.104,0.248,0.924
12/4/2022,7:42:27,-33.92816,18.8757,129.8,44.49,210.3,2,9,0.126,0.246,0.998
12/4/2022,7:42:29,-33.92836,18.87556,129.9,47.17,210.63,2,9,0.118,0.254,1
12/4/2022,7:42:30,-33.92847,18.87549,129.9,47.6,211.1,2,9,0.044,0.256,1.024
12/4/2022,7:42:31,-33.92857,18.87541,130.1,46.49,211.05,2,9,0.112,0.244,1.004
12/4/2022,7:42:33,-33.92876,18.87527,130.5,44.86,211.64,2,9,0.082,0.296,0.968
12/4/2022,7:42:34,-33.92886,18.87521,130.1,44.5,211.52,2,9,0.044,0.252,1.004
12/4/2022,7:42:36,-33.92905,18.87508,128.8,40.58,209.42,2,9,0.01,0.264,0.984
12/4/2022,7:42:37,-33.92913,18.87502,128.3,35.06,210.04,2,9,0,0.256,0.96
12/4/2022,7:42:38,-33.92919,18.87497,128,31.02,209.61,2,9,0.052,0.256,0.968
12/4/2022,7:42:39,-33.92926,18.87493,128,27.67,208.71,2,9,0.052,0.248,0.964
12/4/2022,7:42:41,-33.92937,18.87486,128,23.61,209.65,2,9,0.042,0.262,0.992
12/4/2022,7:42:42,-33.92942,18.87482,128,21.52,211.23,2,9,0.084,0.252,0.992
12/4/2022,7:42:44,-33.92951,18.87475,128.2,20.69,210.91,2,9,0.086,0.244,1.006
12/4/2022,7:42:45,-33.92956,18.87472,128.4,21.02,210.59,2,9,0.072,0.232,0.956
12/4/2022,7:42:46,-33.9296,18.87468,128.6,20.45,212.69,2,9,0.076,0.232,0.964
12/4/2022,7:42:47,-33.92964,18.87465,128.8,19.71,212.21,2,9,0.072,0.252,0.984
12/4/2022,7:42:48,-33.92968,18.87462,128.9,18.96,211.82,2,9,0.084,0.244,0.98
12/4/2022,7:42:50,-33.92976,18.87456,129,18.59,211.62,2,9,0.148,0.25,0.986
12/4/2022,7:42:51,-33.9298,18.87454,129,20.08,210.3,2,9,0.16,0.256,0.968
12/4/2022,7:42:52,-33.92985,18.8745,129,21.95,211.63,2,9,0.164,0.244,0.992
12/4/2022,7:42:54,-33.92996,18.87443,129,26.43,213.39,2,9,0.168,0.244,0.966
12/4/2022,7:42:56,-33.93007,18.87435,128.9,27.47,211.93,2,9,0.176,0.264,0.998
12/4/2022,7:42:57,-33.93013,18.8743,128.9,28.26,210.65,2,9,0.264,0.284,0.768
12/4/2022,7:42:59,-33.93026,18.87425,129.2,29.52,194.35,2,9,0.196,0.512,0.976
12/4/2022,7:43:00,-33.93034,18.87425,129.6,29.98,182.67,2,9,0.024,0.372,0.932
12/4/2022,7:43:01,-33.93041,18.87425,129.9,27.39,175.64,2,9,0.024,0.204,0.996
12/4/2022,7:43:03,-33.93053,18.87426,130.5,23.02,182.97,2,8,0.092,0.144,1.032
12/4/2022,7:43:04,-33.93059,18.87425,130.9,22.5,192.44,2,9,0.152,0.08,1.072
12/4/2022,7:43:06,-33.93069,18.87417,131.5,27.21,225.97,2,9,0.102,0.01,0.936
12/4/2022,7:43:07,-33.93072,18.87411,131.2,29.28,245.42,2,9,0.06,0.008,1.028
12/4/2022,7:43:09,-33.93074,18.87393,129.7,29.91,269.25,2,9,0.068,-0.018,1.036
12/4/2022,7:43:11,-33.9307,18.87377,128.8,28.41,293.01,2,9,0.058,0.348,1.22
12/4/2022,7:43:12,-33.93066,18.8737,128.5,28.39,297.28,2,9,0.176,0.468,0.84
12/4/2022,7:43:13,-33.93063,18.87361,128.3,29.74,289.23,2,9,0.156,0.508,0.952
12/4/2022,7:43:15,-33.93062,18.87342,128.1,34.35,268.18,2,9,0.176,0.352,1.024
12/4/2022,7:43:17,-33.93063,18.87319,127.9,41.15,264.38,2,9,0.216,0.238,0.966
12/4/2022,7:43:19,-33.93066,18.87292,127.3,49.93,263.53,2,9,0.184,0.248,1.016
12/4/2022,7:43:21,-33.93069,18.87261,127.3,52.36,264.13,2,9,0.132,0.238,0.962
12/4/2022,7:43:23,-33.93072,18.87229,127.5,54.71,264.05,2,9,0.162,0.248,0.98
12/4/2022,7:43:24,-33.93073,18.87212,127.3,56.86,263.74,2,9,0.184,0.216,0.912
12/4/2022,7:43:25,-33.93074,18.87195,126.7,59.5,263.58,2,9,0.156,0.232,0.956
12/4/2022,7:43:26,-33.93076,18.87176,126.1,61.04,263.47,2,9,0.1,0.26,0.98
12/4/2022,7:43:28,-33.9308,18.8714,125,59.71,262.98,2,9,0.11,0.246,0.932
12/4/2022,7:43:29,-33.93081,18.87122,125.1,57.93,263.77,2,9,0.06,0.244,0.956
12/4/2022,7:43:30,-33.93083,18.87104,125,57.36,262.8,2,9,0.028,0.244,1.024
12/4/2022,7:43:32,-33.93087,18.8707,124.9,56.32,262.7,2,9,0.106,0.21,1
12/4/2022,7:43:33,-33.93089,18.87054,125,56.8,262.77,2,9,0.124,0.264,0.948
12/4/2022,7:43:34,-33.9309,18.87036,124.8,56.12,262.87,2,9,0.144,0.24,0.976
12/4/2022,7:43:36,-33.93095,18.87001,124.6,59.89,261.66,2,9,0.116,0.254,0.99
12/4/2022,7:43:38,-33.93099,18.86964,124,60.84,261.05,2,9,0.062,0.266,0.962
12/4/2022,7:43:39,-33.93101,18.86947,124.3,61.3,259.99,2,9,0.068,0.224,0.912
12/4/2022,7:43:40,-33.93104,18.8693,124.8,55.97,259.62,2,9,0.004,0.256,0.988
12/4/2022,7:43:42,-33.93108,18.86897,125.8,52.34,259.99,2,9,-0.018,0.226,1.058
12/4/2022,7:43:43,-33.9311,18.86883,126,47.36,260.41,2,9,-0.08,0.212,1.028
12/4/2022,7:43:45,-33.93113,18.86859,125.8,33.61,259.76,2,9,-0.052,0.176,1.022
12/4/2022,7:43:47,-33.93116,18.86843,125.1,21.58,254.71,2,9,0.004,0.198,1.03
12/4/2022,7:43:49,-33.93119,18.86833,124.7,13.89,248.42,2,9,0.002,0.196,1.012
12/4/2022,7:43:51,-33.9312,18.86829,124.7,5.22,228.89,2,9,0.03,0.19,0.994
12/4/2022,7:43:53,-33.93121,18.86828,124.6,0.17,228.89,2,8,0.132,0.182,0.974
12/4/2022,7:43:54,-33.93121,18.86828,124.6,0.04,228.89,2,8,0.128,0.188,1.008
12/4/2022,7:43:55,-33.93121,18.86828,124.6,0.02,228.89,2,8,0.136,0.18,0.992
12/4/2022,7:43:56,-33.93121,18.86829,124.6,0.02,228.89,2,8,0.14,0.196,0.992
12/4/2022,7:43:57,-33.93121,18.86829,124.6,0.02,228.89,2,8,0.132,0.18,0.984
12/4/2022,7:43:58,-33.93121,18.86829,124.6,0.04,228.89,2,8,0.184,0.212,0.992
12/4/2022,7:44:00,-33.93121,18.86828,124.6,0.07,228.89,2,9,0.14,0.206,0.996
12/4/2022,7:44:02,-33.93121,18.86828,124.6,0.11,228.89,2,9,0.126,0.198,0.998
12/4/2022,7:44:03,-33.9312,18.86828,124.7,1.54,228.89,2,9,0.124,0.2,0.976
12/4/2022,7:44:04,-33.9312,18.86827,124.7,1.31,228.89,2,9,0.132,0.196,1.016
12/4/2022,7:44:06,-33.9312,18.86827,124.7,0.48,228.89,2,9,0.136,0.198,0.988
12/4/2022,7:44:08,-33.9312,18.86827,124.7,0.33,228.89,2,8,0.138,0.196,0.996
12/4/2022,7:44:10,-33.93121,18.86827,124.6,0.39,228.89,2,9,0.226,0.188,0.962
12/4/2022,7:44:11,-33.93121,18.86827,124.6,1.96,228.89,2,9,0.248,0.192,0.944
12/4/2022,7:44:13,-33.93122,18.86821,124.6,9.57,274.68,2,9,0.212,0.202,0.952
12/4/2022,7:44:15,-33.93123,18.86812,124.6,17.46,264.86,2,9,0.192,0.196,0.94
12/4/2022,7:44:16,-33.93124,18.86806,124.5,19.45,260.74,2,9,0.256,0.216,1.08
12/4/2022,7:44:17,-33.93125,18.868,124.3,23.17,260.3,2,9,0.156,0.212,0.964
12/4/2022,7:44:18,-33.93126,18.86792,124,25.84,260.17,2,9,0.164,0.192,0.948
12/4/2022,7:44:20,-33.93128,18.86776,123.4,27.74,261.29,2,9,0.23,0.162,0.912
12/4/2022,7:44:21,-33.93128,18.86767,123.4,29.3,263,2,9,0.22,0.208,1.124
12/4/2022,7:44:22,-33.93129,18.86758,123.4,31.58,263.59,2,9,0.26,0.176,0.952
12/4/2022,7:44:24,-33.93132,18.86737,123.5,35.89,263.81,2,9,0.176,0.184,1.022
12/4/2022,7:44:25,-33.93132,18.86726,123.7,36.58,263.78,2,9,0.152,0.204,1.016
12/4/2022,7:44:27,-33.93135,18.86703,123.7,36.87,262.59,2,9,0.122,0.216,1.032
12/4/2022,7:44:28,-33.93136,18.86693,123.6,35.61,261.87,2,9,0.036,0.208,1.024
12/4/2022,7:44:30,-33.93138,18.86672,123.1,31.74,261.51,2,9,0.176,0.216,1.008
12/4/2022,7:44:31,-33.93139,18.86663,123,32.67,262.1,2,9,0.168,0.148,0.996
12/4/2022,7:44:33,-33.93141,18.86641,123.2,36.43,261.74,2,9,0.152,0.228,0.986
12/4/2022,7:44:34,-33.93143,18.8663,123.6,38.26,261.41,2,9,0.144,0.192,0.988
12/4/2022,7:44:35,-33.93144,18.86618,124,38.28,262.83,2,9,0.092,0.216,0.992
12/4/2022,7:44:37,-33.93147,18.86597,123.4,34.8,260.39,2,9,0.046,0.218,0.978
12/4/2022,7:44:39,-33.93149,18.86578,122.5,27.85,259.64,2,9,0.092,0.23,0.982
12/4/2022,7:44:40,-33.93151,18.8657,122.2,26.11,257.21,2,9,0.064,0.224,1.012
12/4/2022,7:44:42,-33.93153,18.86556,121.5,23.41,259.97,2,9,0.076,0.182,1.026
12/4/2022,7:44:43,-33.93154,18.8655,121.3,19.95,258.55,2,9,0,0.192,1.028
12/4/2022,7:44:45,-33.93155,18.86541,120.8,9.91,250.65,2,9,0.014,0.2,1.018
12/4/2022,7:44:46,-33.93156,18.86539,120.8,6.52,243.88,2,9,0.036,0.192,1.012
12/4/2022,7:44:47,-33.93156,18.86538,120.7,3.65,242.7,2,9,0.004,0.2,1.024
12/4/2022,7:44:48,-33.93156,18.86537,120.7,2.2,242.7,2,9,0.148,0.18,0.968
12/4/2022,7:44:49,-33.93156,18.86537,120.7,1.11,242.7,2,9,0.12,0.18,0.996
12/4/2022,7:44:50,-33.93156,18.86538,120.7,0.8,242.7,2,9,0.112,0.176,0.988
12/4/2022,7:44:52,-33.93156,18.86537,120.7,0.8,242.7,2,9,0.122,0.184,0.986
12/4/2022,7:44:54,-33.93156,18.86538,120.7,0,242.7,2,9,0.112,0.17,0.992
12/4/2022,7:44:56,-33.93156,18.86538,120.7,0.09,242.7,2,8,0.122,0.178,1
12/4/2022,7:44:57,-33.93156,18.86538,120.7,0.17,242.7,2,8,0.116,0.176,0.996
12/4/2022,7:44:58,-33.93156,18.86538,120.7,0.31,242.7,2,8,0.12,0.176,0.996
12/4/2022,7:45:00,-33.93156,18.86538,120.7,0.15,242.7,2,8,0.116,0.182,1.006
12/4/2022,7:45:02,-33.93156,18.86538,120.7,0.26,242.7,2,8,0.118,0.178,1.004
12/4/2022,7:45:04,-33.93156,18.86538,120.7,0.61,242.7,2,8,0.118,0.184,0.984
12/4/2022,7:45:05,-33.93156,18.86538,120.7,0.61,242.7,2,8,0.124,0.184,0.992
12/4/2022,7:45:06,-33.93156,18.86538,120.7,0.31,242.7,2,8,0.164,0.152,1.008
12/4/2022,7:45:07,-33.93156,18.86538,120.7,0.72,242.7,2,8,0.208,0.144,0.94
12/4/2022,7:45:08,-33.93156,18.86538,120.7,3.02,242.7,2,8,0.316,0.2,0.948
12/4/2022,7:45:09,-33.93156,18.86537,120.7,6.37,282.33,2,8,0.264,0.2,0.932
12/4/2022,7:45:10,-33.93156,18.86533,120.5,15.39,273.59,2,8,0.316,0.192,0.968
12/4/2022,7:45:11,-33.93156,18.86528,120.2,20.78,269.86,2,8,0.132,0.2,0.996
12/4/2022,7:45:13,-33.93156,18.86512,119.9,25.32,263.72,2,8,0.266,0.18,0.992
12/4/2022,7:45:15,-33.93158,18.86492,119.3,35.48,264.53,2,8,0.268,0.184,0.932
12/4/2022,7:45:16,-33.93159,18.8648,118.8,40.8,264.35,2,8,0.088,0.212,0.936
12/4/2022,7:45:17,-33.93161,18.86466,118.4,44.34,264.05,2,8,0.228,0.208,0.984
12/4/2022,7:45:18,-33.93162,18.86452,118.1,47.15,264.24,2,8,0.22,0.22,1.008
12/4/2022,7:45:19,-33.93163,18.86437,117.9,50.91,263.14,2,8,0.208,0.152,1.008
12/4/2022,7:45:21,-33.93167,18.86404,117.1,55.93,262.06,2,8,0.136,0.206,1.026
12/4/2022,7:45:22,-33.93169,18.86387,116.2,55.95,262.47,2,8,0.028,0.212,1.028
12/4/2022,7:45:23,-33.93171,18.8637,116.2,57.5,262.91,2,8,0,0.24,0.844
12/4/2022,7:45:25,-33.93175,18.86341,117,43.97,260.08,2,8,-0.08,0.24,1.018
12/4/2022,7:45:27,-33.93179,18.86319,117.4,31.02,252.52,2,8,-0.078,0.292,1.022
12/4/2022,7:45:28,-33.93181,18.86312,117.5,23.48,246.34,2,8,-0.08,0.284,1.288
12/4/2022,7:45:30,-33.93184,18.86303,117.5,12.83,234.26,2,8,-0.034,0.194,0.978
12/4/2022,7:45:31,-33.93185,18.86301,117.5,6.69,226.25,2,9,0.008,0.22,1.02
12/4/2022,7:45:33,-33.93186,18.86301,117.5,0.28,226.25,2,9,0.13,0.238,0.988
12/4/2022,7:45:34,-33.93187,18.863,117.5,0.2,226.25,2,9,0.128,0.2,0.98
12/4/2022,7:45:35,-33.93188,18.863,117.6,0.09,226.25,2,9,0.136,0.232,0.96
12/4/2022,7:45:37,-33.93188,18.863,117.6,0,226.25,2,9,0.124,0.234,0.996
12/4/2022,7:45:38,-33.93188,18.863,117.6,0,226.25,2,9,0.14,0.22,0.972
12/4/2022,7:45:39,-33.93188,18.863,117.6,0,226.25,2,9,0.176,0.192,0.956
12/4/2022,7:45:40,-33.93188,18.863,117.6,0,226.25,2,9,0.256,0.156,0.988
12/4/2022,7:45:42,-33.93187,18.86297,117.4,8.09,282.69,2,9,0.278,0.21,0.946
12/4/2022,7:45:43,-33.93187,18.86292,117.2,17.61,279.84,2,9,0.136,0.236,1.008
12/4/2022,7:45:44,-33.93187,18.86286,117,18.93,266.43,2,9,0.216,0.208,0.928
12/4/2022,7:45:46,-33.93188,18.86271,116.1,25.95,262.36,2,9,0.222,0.176,0.976
12/4/2022,7:45:48,-33.9319,18.86253,114.3,28.39,262,2,9,0.014,0.2,1.036
12/4/2022,7:45:49,-33.9319,18.86245,113.8,25.85,263.1,2,9,0.032,0.248,1.016
12/4/2022,7:45:51,-33.93191,18.86232,113.3,16.45,258.95,2,9,-0.014,0.236,1.018
12/4/2022,7:45:52,-33.93191,18.86228,113.1,10.76,250.27,2,9,0.012,0.232,0.976
12/4/2022,7:45:53,-33.93192,18.86226,113.1,5.46,240.72,2,9,0.012,0.224,1.024
12/4/2022,7:45:55,-33.93192,18.86225,113,0.13,240.72,2,9,0.086,0.204,0.986
12/4/2022,7:45:57,-33.93191,18.86225,113,0.07,240.72,2,9,0.134,0.2,0.99
12/4/2022,7:45:59,-33.93192,18.86225,113,0.04,240.72,2,9,0.122,0.206,0.992
12/4/2022,7:46:00,-33.93192,18.86225,113,0.04,240.72,2,9,0.124,0.208,1
12/4/2022,7:46:01,-33.93192,18.86225,113,0.02,240.72,2,9,0.132,0.196,0.98
12/4/2022,7:46:03,-33.93192,18.86225,113,0.06,240.72,2,9,0.222,0.196,0.982
12/4/2022,7:46:04,-33.93192,18.86225,113,1.67,240.72,2,9,0.22,0.228,0.868
12/4/2022,7:46:05,-33.93192,18.86224,113,6.02,268.55,2,9,0.344,0.224,0.928
12/4/2022,7:46:07,-33.93193,18.86215,112.9,22.19,263.47,2,9,0.214,0.184,0.904
12/4/2022,7:46:09,-33.93194,18.86198,113,26.87,263.3,2,9,0.298,0.23,0.996
12/4/2022,7:46:11,-33.93196,18.86178,113.8,36.98,262.8,2,9,0.262,0.176,0.968
12/4/2022,7:46:12,-33.93197,18.86166,114.4,41.87,261.99,2,9,0.128,0.192,0.932
12/4/2022,7:46:13,-33.93199,18.86153,115.6,43.24,261.66,2,9,0.244,0.172,0.98
12/4/2022,7:46:15,-33.93201,18.86125,116.2,45.02,263.46,2,9,0.11,0.216,1.014
12/4/2022,7:46:16,-33.93203,18.86112,116,44.5,262.68,2,9,0.216,0.2,1.072
12/4/2022,7:46:18,-33.93206,18.86083,115.8,47.02,261.7,2,9,0.164,0.204,0.992
12/4/2022,7:46:20,-33.93209,18.86054,113.9,48.49,262,2,9,0.234,0.182,1.03
12/4/2022,7:46:21,-33.93212,18.8604,112.4,49.21,262.02,2,9,0.136,0.2,1.1
12/4/2022,7:46:22,-33.93213,18.86025,110.9,47.86,263.05,2,9,0.252,0.116,0.924
12/4/2022,7:46:24,-33.93216,18.85996,109.9,47.8,264.74,2,9,0,0.25,1.006
12/4/2022,7:46:25,-33.93218,18.85983,109.4,41.28,261.22,2,9,0.04,0.276,1.016
12/4/2022,7:46:27,-33.93222,18.85961,108.6,31.8,253.92,2,9,0.052,0.202,1.03
12/4/2022,7:46:28,-33.93224,18.85952,108.3,29.41,254.66,2,9,0.056,0.16,0.76
12/4/2022,7:46:30,-33.93227,18.85937,107.7,25.21,257.13,2,9,0.026,0.208,0.976
12/4/2022,7:46:31,-33.93228,18.8593,107.5,21.15,258.95,2,9,0.064,0.204,1.004
12/4/2022,7:46:33,-33.93229,18.8592,107.1,14.76,259.73,2,9,0.056,0.2,0.98
12/4/2022,7:46:34,-33.9323,18.85916,107,12.7,260.04,2,9,0.06,0.204,0.984
12/4/2022,7:46:35,-33.9323,18.85913,106.9,10.43,257.56,2,9,0.08,0.188,0.98
12/4/2022,7:46:36,-33.9323,18.8591,106.8,8.95,251.6,2,9,0.028,0.212,1.012
12/4/2022,7:46:37,-33.9323,18.85908,106.8,6.04,251.98,2,9,0.044,0.208,1.024
12/4/2022,7:46:39,-33.9323,18.85907,106.7,0.07,251.98,2,9,0.094,0.196,0.994
12/4/2022,7:46:41,-33.9323,18.85908,106.8,0.06,251.98,2,9,0.134,0.196,0.988
12/4/2022,7:46:43,-33.9323,18.85908,106.8,0.02,251.98,2,9,0.136,0.196,0.976
12/4/2022,7:46:45,-33.9323,18.85908,106.8,0,251.98,2,9,0.13,0.186,1.002
12/4/2022,7:46:46,-33.9323,18.85908,106.8,0,251.98,2,9,0.132,0.196,1.012
12/4/2022,7:46:48,-33.9323,18.85908,106.8,0,251.98,2,9,0.128,0.198,0.994
12/4/2022,7:46:49,-33.9323,18.85908,106.8,0,251.98,2,9,0.128,0.2,0.972
12/4/2022,7:46:51,-33.9323,18.85908,106.8,0,251.98,2,9,0.132,0.19,1.002
12/4/2022,7:46:52,-33.9323,18.85908,106.8,0,251.98,2,9,0.132,0.196,1.004
12/4/2022,7:46:53,-33.9323,18.85908,106.8,0,251.98,2,9,0.128,0.204,0.976
12/4/2022,7:46:54,-33.9323,18.85908,106.8,0.02,251.98,2,9,0.132,0.192,0.98
12/4/2022,7:46:56,-33.9323,18.85908,106.8,0.02,251.98,2,9,0.134,0.19,0.986
12/4/2022,7:46:57,-33.9323,18.85908,106.8,0.04,251.98,2,9,0.132,0.204,0.98
12/4/2022,7:46:58,-33.9323,18.85908,106.8,0.04,251.98,2,9,0.124,0.192,0.996
12/4/2022,7:46:59,-33.9323,18.85908,106.8,0.02,251.98,2,9,0.132,0.192,1.004
12/4/2022,7:47:00,-33.9323,18.85908,106.8,0.02,251.98,2,9,0.132,0.188,0.996
12/4/2022,7:47:02,-33.9323,18.85908,106.8,0,251.98,2,9,0.138,0.194,0.986
12/4/2022,7:47:04,-33.9323,18.85908,106.8,0.19,251.98,2,9,0.132,0.196,0.982
12/4/2022,7:47:05,-33.9323,18.85908,106.8,0.15,251.98,2,9,0.128,0.196,1.016
12/4/2022,7:47:06,-33.9323,18.85908,106.8,0.3,251.98,2,9,0.132,0.192,0.968
12/4/2022,7:47:07,-33.9323,18.85908,106.8,0.5,251.98,2,9,0.128,0.2,1.02
12/4/2022,7:47:09,-33.9323,18.85908,106.8,0.43,251.98,2,9,0.13,0.2,0.994
12/4/2022,7:47:10,-33.93229,18.85908,106.8,0.06,251.98,2,9,0.132,0.196,0.964
12/4/2022,7:47:11,-33.93229,18.85908,106.8,0.15,251.98,2,9,0.132,0.196,1.004
12/4/2022,7:47:13,-33.93229,18.85908,106.8,0.41,251.98,2,9,0.108,0.194,0.99
12/4/2022,7:47:15,-33.9323,18.85908,106.8,0.3,251.98,2,9,0.12,0.194,0.99
12/4/2022,7:47:16,-33.9323,18.85909,106.8,0.26,251.98,2,9,0.132,0.196,1.012
12/4/2022,7:47:17,-33.9323,18.85909,106.8,0.46,251.98,2,9,0.132,0.188,0.976
12/4/2022,7:47:18,-33.9323,18.85909,106.8,0.56,251.98,2,9,0.128,0.204,1.02
12/4/2022,7:47:19,-33.93229,18.85909,106.8,0.28,251.98,2,9,0.124,0.192,0.976
12/4/2022,7:47:21,-33.93229,18.85909,106.8,0.07,251.98,2,9,0.128,0.188,0.992
12/4/2022,7:47:23,-33.93229,18.85909,106.8,0.41,251.98,2,8,0.122,0.2,0.99
12/4/2022,7:47:25,-33.9323,18.85909,106.8,1.3,251.98,2,9,0.296,0.184,0.954
12/4/2022,7:47:26,-33.9323,18.85908,106.8,4.65,277.3,2,9,0.124,0.2,1.02
12/4/2022,7:47:27,-33.93229,18.85906,106.7,7.33,278.23,2,9,0.124,0.184,1
12/4/2022,7:47:28,-33.9323,18.85902,106.6,11.39,268.8,2,9,0.18,0.208,0.992
12/4/2022,7:47:29,-33.9323,18.85898,106.5,12.93,264.7,2,9,0.036,0.256,0.992
12/4/2022,7:47:31,-33.93231,18.8589,106.3,10.48,241.31,2,9,0.134,0.252,0.99
12/4/2022,7:47:33,-33.93236,18.85886,106.7,12.45,195.02,2,8,0.124,0.43,0.946
12/4/2022,7:47:34,-33.93239,18.85886,106.8,13.09,182.95,2,8,0.236,0.292,0.928
12/4/2022,7:47:36,-33.93247,18.85886,107.1,15.04,164.9,2,9,0.104,0.248,0.982
12/4/2022,7:47:37,-33.93251,18.85888,107.1,15.78,154.48,2,9,0.096,0.2,0.992
12/4/2022,7:47:39,-33.93257,18.85892,107.5,12.87,150.4,2,9,0.004,0.138,1.018
12/4/2022,7:47:40,-33.9326,18.85894,107.7,11.3,148.35,2,8,0.012,0.188,1.016
12/4/2022,7:47:42,-33.93262,18.85894,107.8,0.13,137.73,2,9,0.174,0.164,0.962
12/4/2022,7:47:44,-33.93262,18.85895,107.8,0.19,137.73,2,9,-0.058,0.392,1.066
12/4/2022,7:47:46,-33.93262,18.85895,107.8,0.06,137.73,2,9,0.05,0.002,0.932
12/4/2022,7:47:47,-33.93262,18.85895,107.8,0,137.73,2,9,0,0.328,0.82
12/4/2022,7:47:48,-33.93262,18.85895,107.8,0,137.73,2,9,0.064,0.068,1.02
12/4/2022,7:47:49,-33.93262,18.85895,107.8,0,137.73,2,9,0,0.184,1.024
12/4/2022,7:47:51,-33.93262,18.85895,107.8,0.06,137.73,2,8,0.022,0.116,0.998
12/4/2022,7:47:52,-33.93262,18.85895,107.8,0,137.73,2,9,0.032,0.096,1.008
12/4/2022,7:47:54,-33.93262,18.85895,107.8,0,137.73,2,9,0.024,0.044,1.014
12/4/2022,7:47:56,-33.93262,18.85895,107.8,0,137.73,2,9,0.01,0.252,1.02
12/4/2022,7:47:58,-33.93262,18.85895,107.8,0,137.73,2,9,0.016,0.358,0.85
12/4/2022,7:48:00,-33.93262,18.85895,107.8,0,137.73,2,9,0.142,0.322,0.908
12/4/2022,7:48:01,-33.93262,18.85895,107.8,0,137.73,2,9,0.2,-0.064,0.972
12/4/2022,7:48:02,-33.93262,18.85895,107.8,0,137.73,2,9,0.144,0.116,1.024
12/4/2022,7:48:04,-33.93262,18.85895,107.8,0,137.73,2,9,0.224,0.05,0.97
